[{"model": "admin.logentry", "pk": 1, "fields": {"action_time": "2025-05-16T09:22:48.275Z", "user": 2, "content_type": 21, "object_id": "4", "object_repr": "Gourmex: Unveils a New Era of Premium Meats and Poultry", "action_flag": 3, "change_message": ""}}, {"model": "admin.logentry", "pk": 2, "fields": {"action_time": "2025-05-16T09:22:48.275Z", "user": 2, "content_type": 21, "object_id": "1", "object_repr": "New Factory at UAQ", "action_flag": 3, "change_message": ""}}, {"model": "admin.logentry", "pk": 3, "fields": {"action_time": "2025-05-16T09:22:48.275Z", "user": 2, "content_type": 21, "object_id": "12", "object_repr": "Horeca Jeddah 2024", "action_flag": 3, "change_message": ""}}, {"model": "admin.logentry", "pk": 4, "fields": {"action_time": "2025-05-16T09:22:48.275Z", "user": 2, "content_type": 21, "object_id": "11", "object_repr": "Horeca Jeddah 2024", "action_flag": 3, "change_message": ""}}, {"model": "admin.logentry", "pk": 5, "fields": {"action_time": "2025-05-16T09:22:48.275Z", "user": 2, "content_type": 21, "object_id": "10", "object_repr": "The Deep Seafood Company Expands Presence with New Office in Kochi", "action_flag": 3, "change_message": ""}}, {"model": "admin.logentry", "pk": 6, "fields": {"action_time": "2025-05-16T09:22:48.275Z", "user": 2, "content_type": 21, "object_id": "9", "object_repr": "The Deep Seafood Company Featured in Khaleej Times!", "action_flag": 3, "change_message": ""}}, {"model": "admin.logentry", "pk": 7, "fields": {"action_time": "2025-05-16T09:22:48.275Z", "user": 2, "content_type": 21, "object_id": "8", "object_repr": "Royal Future Inaugurates State-of-the-Art Seafood Warehouse in Riyadh", "action_flag": 3, "change_message": ""}}, {"model": "admin.logentry", "pk": 8, "fields": {"action_time": "2025-05-16T09:22:48.275Z", "user": 2, "content_type": 21, "object_id": "7", "object_repr": "The Deep Seafood Company Inaugurates New Corporate Office in Sharjah", "action_flag": 3, "change_message": ""}}, {"model": "admin.logentry", "pk": 9, "fields": {"action_time": "2025-05-16T09:22:48.275Z", "user": 2, "content_type": 21, "object_id": "6", "object_repr": "Royal Future Unveils Groundbreaking Facility in Riyadh, Ushering a New Era of Industrial Excellence", "action_flag": 3, "change_message": ""}}, {"model": "admin.logentry", "pk": 10, "fields": {"action_time": "2025-05-16T09:22:48.275Z", "user": 2, "content_type": 21, "object_id": "5", "object_repr": "Innovation Waves, Harvesting Success", "action_flag": 3, "change_message": ""}}, {"model": "admin.logentry", "pk": 11, "fields": {"action_time": "2025-05-16T09:22:48.275Z", "user": 2, "content_type": 21, "object_id": "3", "object_repr": "Ajman Chamber Officials Visit Deep Seafood Company", "action_flag": 3, "change_message": ""}}, {"model": "admin.logentry", "pk": 12, "fields": {"action_time": "2025-05-16T09:22:48.275Z", "user": 2, "content_type": 21, "object_id": "2", "object_repr": "The Deep Seafood Group has Signed an investment agreement with Modon Saudi Arabia", "action_flag": 3, "change_message": ""}}, {"model": "admin.logentry", "pk": 13, "fields": {"action_time": "2025-05-16T09:23:10.821Z", "user": 2, "content_type": 21, "object_id": "13", "object_repr": "Qatar Horeca Exhibition 2023", "action_flag": 1, "change_message": "[{\"added\": {}}]"}}, {"model": "admin.logentry", "pk": 14, "fields": {"action_time": "2025-05-16T09:23:19.131Z", "user": 2, "content_type": 21, "object_id": "13", "object_repr": "Qatar Horeca Exhibition 2023", "action_flag": 2, "change_message": "[]"}}, {"model": "company.event", "pk": 1, "fields": {"created": "2025-05-16T04:30:59.797Z", "updated": "2025-05-16T07:53:31.617Z", "status": true, "title": "Qatar Horeca Exhibition 2023", "location": "Qatar", "date": "2023-11-06", "sequence": 6, "name": null, "description": "<div class=\"dec\" style=\"margin-bottom: 10px; color: rgb(13, 81, 137); font-family: Inter; font-size: 15px;\">The exhibition features leading suppliers of equipment, technology, and services for the hospitality industry.</div><div><br></div>"}}, {"model": "company.event", "pk": 2, "fields": {"created": "2025-05-16T04:39:12.344Z", "updated": "2025-05-16T07:53:21.449Z", "status": true, "title": "Horeca Jeddah 2024", "location": "05/02/2024", "date": "2024-02-05", "sequence": 5, "name": null, "description": "<div class=\"dec\" style=\"margin-bottom: 10px; color: rgb(13, 81, 137); font-family: Inter; font-size: 15px;\">The Biggest Annual Hospitality Exhibition</div><div><br></div>"}}, {"model": "company.event", "pk": 3, "fields": {"created": "2025-05-16T04:41:49.383Z", "updated": "2025-05-16T07:54:04.340Z", "status": true, "title": "Gulfood 2024", "location": "Dubai", "date": "2024-02-19", "sequence": 4, "name": null, "description": "<div class=\"dec\" style=\"margin-bottom: 10px; color: rgb(13, 81, 137); font-family: Inter; font-size: 15px;\">THE WORLD'S BIGGEST ANNUAL F&amp;B EVENT</div><div><br></div>"}}, {"model": "company.event", "pk": 4, "fields": {"created": "2025-05-16T04:51:08.948Z", "updated": "2025-05-16T07:53:52.437Z", "status": true, "title": "Hotel Asia 2024", "location": "MALDIVES", "date": "2024-05-13", "sequence": 3, "name": null, "description": "<div class=\"dec\" style=\"margin-bottom: 10px; color: rgb(13, 81, 137); font-family: Inter; font-size: 15px;\">Hotel Asia Exhibition and International Culinary Challenge</div><div><br></div>"}}, {"model": "company.event", "pk": 5, "fields": {"created": "2025-05-16T04:53:58.431Z", "updated": "2025-05-16T11:14:39.275Z", "status": true, "title": "Simec-Expo Saudi Arabia 2025", "location": "Kingdom of Saudi Arabia", "date": "2025-02-03", "sequence": 2, "name": null, "description": "<div class=\"dec\" style=\"margin-bottom: 10px; color: rgb(13, 81, 137); font-family: Inter; font-size: 15px;\">The Most Important Aquaculture, Fisheries &amp; Seafood Expo</div><div><br></div>"}}, {"model": "company.event", "pk": 6, "fields": {"created": "2025-05-16T05:00:09.516Z", "updated": "2025-05-16T07:54:14.416Z", "status": true, "title": "Gulfood 2025", "location": "Dubai", "date": "2025-02-17", "sequence": 1, "name": null, "description": "<div class=\"dec\" style=\"margin-bottom: 10px; color: rgb(13, 81, 137); font-family: Inter; font-size: 15px;\">THE WORLD'S BIGGEST ANNUAL F&amp;B EVENT</div><div><br></div>"}}, {"model": "company.eventimage", "pk": 1, "fields": {"created": "2025-05-16T04:31:31.263Z", "updated": "2025-05-16T04:31:31.263Z", "image": "eventimage/107a05ed-1f19-4dbb-ab6c-bf1fb032c101.png", "image_alt": "", "status": true, "event": 1}}, {"model": "company.eventimage", "pk": 2, "fields": {"created": "2025-05-16T04:31:31.276Z", "updated": "2025-05-16T04:31:31.276Z", "image": "eventimage/907819e4-3e4f-421a-b259-2f2ac5764838.png", "image_alt": "", "status": true, "event": 1}}, {"model": "company.eventimage", "pk": 3, "fields": {"created": "2025-05-16T04:31:31.287Z", "updated": "2025-05-16T04:31:31.287Z", "image": "eventimage/3eac44f4-a232-451f-8495-567ef4e87206.png", "image_alt": "", "status": true, "event": 1}}, {"model": "company.eventimage", "pk": 4, "fields": {"created": "2025-05-16T04:31:31.300Z", "updated": "2025-05-16T04:31:31.300Z", "image": "eventimage/57954421-acfe-4159-9124-cbbb1e8494b4.png", "image_alt": "", "status": true, "event": 1}}, {"model": "company.eventimage", "pk": 5, "fields": {"created": "2025-05-16T04:39:12.351Z", "updated": "2025-05-16T04:39:12.351Z", "image": "eventimage/61b087d7-b598-45bb-a324-8167c78056ea.jpg", "image_alt": "", "status": true, "event": 2}}, {"model": "company.eventimage", "pk": 6, "fields": {"created": "2025-05-16T04:39:12.387Z", "updated": "2025-05-16T04:39:12.387Z", "image": "eventimage/f38fc703-bb3c-464d-bc41-d5e6a408d87a.jpg", "image_alt": "", "status": true, "event": 2}}, {"model": "company.eventimage", "pk": 7, "fields": {"created": "2025-05-16T04:39:12.420Z", "updated": "2025-05-16T04:39:12.420Z", "image": "eventimage/3888b495-dab4-4b63-89ae-c3dfd64fe7e3.jpg", "image_alt": "", "status": true, "event": 2}}, {"model": "company.eventimage", "pk": 8, "fields": {"created": "2025-05-16T04:39:12.459Z", "updated": "2025-05-16T04:39:12.459Z", "image": "eventimage/eedd24c4-2f34-493d-a66b-bc5a5c9daf63.jpg", "image_alt": "", "status": true, "event": 2}}, {"model": "company.eventimage", "pk": 9, "fields": {"created": "2025-05-16T04:39:12.494Z", "updated": "2025-05-16T04:39:12.494Z", "image": "eventimage/02520be4-c0ff-49ef-8cea-554f1631abec.jpg", "image_alt": "", "status": true, "event": 2}}, {"model": "company.eventimage", "pk": 10, "fields": {"created": "2025-05-16T04:41:49.390Z", "updated": "2025-05-16T04:41:49.390Z", "image": "eventimage/b34ed965-d360-4c8a-a46c-17f1b1ce1150.png", "image_alt": "", "status": true, "event": 3}}, {"model": "company.eventimage", "pk": 11, "fields": {"created": "2025-05-16T04:41:49.402Z", "updated": "2025-05-16T04:41:49.402Z", "image": "eventimage/904ecd71-fe87-4d6a-9c43-1328b61cafbb.png", "image_alt": "", "status": true, "event": 3}}, {"model": "company.eventimage", "pk": 12, "fields": {"created": "2025-05-16T04:41:49.414Z", "updated": "2025-05-16T04:41:49.414Z", "image": "eventimage/e9386f81-4982-4501-b3bf-4f1660bedee1.png", "image_alt": "", "status": true, "event": 3}}, {"model": "company.eventimage", "pk": 13, "fields": {"created": "2025-05-16T04:41:49.424Z", "updated": "2025-05-16T04:41:49.424Z", "image": "eventimage/234562fd-646f-4507-aba1-2406a688911c.png", "image_alt": "", "status": true, "event": 3}}, {"model": "company.eventimage", "pk": 14, "fields": {"created": "2025-05-16T04:41:49.436Z", "updated": "2025-05-16T04:41:49.436Z", "image": "eventimage/866c7513-0e97-4182-b089-22cd774bce40.png", "image_alt": "", "status": true, "event": 3}}, {"model": "company.eventimage", "pk": 15, "fields": {"created": "2025-05-16T04:51:08.955Z", "updated": "2025-05-16T04:51:08.955Z", "image": "eventimage/a365b094-ec62-4681-bcc5-8669997e1dc8.png", "image_alt": "", "status": true, "event": 4}}, {"model": "company.eventimage", "pk": 16, "fields": {"created": "2025-05-16T04:51:08.967Z", "updated": "2025-05-16T04:51:08.967Z", "image": "eventimage/1c9157b8-3a6d-448f-9a09-81054a3fecf2.png", "image_alt": "", "status": true, "event": 4}}, {"model": "company.eventimage", "pk": 17, "fields": {"created": "2025-05-16T04:51:08.976Z", "updated": "2025-05-16T04:51:08.976Z", "image": "eventimage/a7bc4697-3eb9-4b18-bf24-2545de30238e.png", "image_alt": "", "status": true, "event": 4}}, {"model": "company.eventimage", "pk": 18, "fields": {"created": "2025-05-16T04:51:08.986Z", "updated": "2025-05-16T04:51:08.986Z", "image": "eventimage/47fdd92e-96ed-47de-9ff1-e86925f10dc0.png", "image_alt": "", "status": true, "event": 4}}, {"model": "company.eventimage", "pk": 21, "fields": {"created": "2025-05-16T04:53:58.512Z", "updated": "2025-05-16T04:53:58.512Z", "image": "eventimage/a352c7ca-3f35-4b18-9a0c-ad26eee73cff.jpg", "image_alt": "", "status": true, "event": 5}}, {"model": "company.eventimage", "pk": 22, "fields": {"created": "2025-05-16T04:53:58.546Z", "updated": "2025-05-16T04:53:58.546Z", "image": "eventimage/f47bb269-5e56-42e9-9100-9f6a1a242469.jpg", "image_alt": "", "status": true, "event": 5}}, {"model": "company.eventimage", "pk": 23, "fields": {"created": "2025-05-16T05:00:09.524Z", "updated": "2025-05-16T05:00:09.525Z", "image": "eventimage/74fdec75-dc1a-43a8-8f09-0966465fcc35.jpg", "image_alt": "", "status": true, "event": 6}}, {"model": "company.eventimage", "pk": 24, "fields": {"created": "2025-05-16T05:00:09.589Z", "updated": "2025-05-16T05:00:09.589Z", "image": "eventimage/90a714dd-9f29-4190-a4c3-dff76f3d2381.jpg", "image_alt": "", "status": true, "event": 6}}, {"model": "company.eventimage", "pk": 25, "fields": {"created": "2025-05-16T05:00:09.651Z", "updated": "2025-05-16T05:00:09.651Z", "image": "eventimage/cd942b4f-a295-4d64-b7f7-9de56695c399.jpg", "image_alt": "", "status": true, "event": 6}}, {"model": "company.eventimage", "pk": 26, "fields": {"created": "2025-05-16T05:00:09.707Z", "updated": "2025-05-16T05:00:09.707Z", "image": "eventimage/1ef3120a-265d-45a5-a61c-3fb3d61ef203.jpg", "image_alt": "", "status": true, "event": 6}}, {"model": "company.eventimage", "pk": 27, "fields": {"created": "2025-05-16T05:00:09.766Z", "updated": "2025-05-16T05:00:09.766Z", "image": "eventimage/0301e555-63bf-4185-988e-e7751f0596d9.jpg", "image_alt": "", "status": true, "event": 6}}, {"model": "company.eventimage", "pk": 28, "fields": {"created": "2025-05-16T11:12:19.585Z", "updated": "2025-05-16T11:12:19.585Z", "image": "eventimage/3924bcba-3d01-46cf-9db4-f5d38b2892a0.jpg", "image_alt": "", "status": true, "event": 5}}, {"model": "company.eventimage", "pk": 29, "fields": {"created": "2025-05-16T11:14:07.603Z", "updated": "2025-05-16T11:14:07.603Z", "image": "eventimage/129d5f4a-310e-4c7b-afcb-aa8cf9b96dc9.jpg", "image_alt": "", "status": true, "event": 5}}, {"model": "company.news", "pk": 13, "fields": {"created": "2025-05-16T09:23:10.812Z", "updated": "2025-05-16T09:54:03.279Z", "status": true, "title": "New Factory at UAQ", "location": "Umm Al Quwain", "date": null, "sequence": 10, "name": "Umm Al Quwain", "type": "company news", "content": "<div class=\"main-div pt-0 header-bg-transparent header-logo-white\" style=\"padding-top: 90px; max-width: 2500px; margin-left: auto; margin-right: auto; color: rgb(26, 26, 26); font-family: Inter; font-size: 15px;\"><section id=\"news-view\" class=\"pt-0 pb-0 view-items-page\" style=\"position: relative; padding-top: 0px !important; padding-bottom: 0px !important;\"><div class=\"pt-70 pb-70\" style=\"padding-top: 70px !important; padding-bottom: 70px !important;\"><div class=\"wrapper\" style=\"width: 1350px; height: auto; margin-left: auto; margin-right: auto; position: relative; max-width: 1350px; padding-left: 120px; padding-right: 120px;\"><div class=\"row\" style=\"--bs-gutter-x: 1.5rem; --bs-gutter-y: 0; display: flex; flex-wrap: wrap; margin-top: 0px; margin-right: -12px; margin-left: -12px;\"><div class=\"col-lg-8 offset-lg-1 col-md-9 order-1-zero-sm\" style=\"flex: 0 0 auto; width: 756px; max-width: 100%; padding-right: 12px; padding-left: 12px; margin-top: 0px; margin-left: 94.5px;\"><div class=\"view-section aos-init aos-animate\" data-aos=\"fade-up\" data-aos-duration=\"2000\" style=\"transform: translateZ(0px); opacity: 1; transition-property: opacity, transform; transition-duration: 2s; transition-timing-function: ease;\"><h5 style=\"margin-top: 25px; margin-bottom: 0.5rem; line-height: 1.5; font-size: 16px;\">1000 MT CAPACITY FREEZER ROOMs 60000 Square feet buildup area MOBILE PALLETS RACKING SYSTEM IQF LINE BREADING LINE Smoked products Blast freezers</h5><div><br></div></div></div></div></div></div></section></div><footer style=\"position: relative; overflow: hidden; color: rgb(255, 255, 255); font-family: Inter; font-size: 15px;\"><div class=\"wrapper aos-init\" data-aos=\"fade-down\" data-aos-duration=\"1000\" style=\"transform: translate3d(0px, -100px, 0px); width: 1350px; height: auto; margin-left: auto; margin-right: auto; position: relative; max-width: 1350px; padding-left: 120px; padding-right: 120px; opacity: 0; transition-property: opacity, transform; transition-duration: 1s; transition-timing-function: ease;\"><div class=\"row justify-content-center\" style=\"--bs-gutter-x: 1.5rem; --bs-gutter-y: 0; display: flex; flex-wrap: wrap; margin-top: 0px; margin-right: -12px; margin-left: -12px; justify-content: center !important;\"></div></div></footer>", "slug": "new-factory-at-uaq"}}, {"model": "company.news", "pk": 14, "fields": {"created": "2025-05-16T09:25:18.326Z", "updated": "2025-05-16T10:52:46.607Z", "status": true, "title": "Innovation Waves, Harvesting Success", "location": "Saudi Arabia", "date": "2023-11-30", "sequence": 6, "name": "MISA", "type": "company news", "content": "<p><footer style=\"box-sizing: border-box; position: relative; overflow: hidden; color: rgb(255, 255, 255); font-family: Inter; font-size: 15px; font-style: normal; font-variant-ligatures: normal; font-variant-caps: normal; font-weight: 400; letter-spacing: normal; orphans: 2; text-align: start; text-indent: 0px; text-transform: none; widows: 2; word-spacing: 0px; -webkit-text-stroke-width: 0px; white-space: normal; background-color: rgb(255, 255, 255); text-decoration-thickness: initial; text-decoration-style: initial; text-decoration-color: initial;\"><div class=\"wrapper aos-init aos-animate\" data-aos=\"fade-down\" data-aos-duration=\"1000\" style=\"box-sizing: border-box; transform: translateZ(0px); width: 1350px; height: auto; margin-left: auto; margin-right: auto; position: relative; max-width: 1350px; padding-left: 120px; padding-right: 120px; opacity: 1; transition-property: opacity, transform; transition-duration: 1s; transition-timing-function: ease;\"><div class=\"row justify-content-center\" style=\"box-sizing: border-box; --bs-gutter-x: 1.5rem; --bs-gutter-y: 0; display: flex; flex-wrap: wrap; margin-top: 0px; margin-right: -12px; margin-left: -12px; justify-content: center !important;\"></div></div></footer></p><div class=\"main-div pt-0 header-bg-transparent header-logo-white\" style=\"box-sizing: border-box; padding-top: 90px; max-width: 2500px; margin-left: auto; margin-right: auto; color: rgb(26, 26, 26); font-family: Inter; font-size: 15px; font-style: normal; font-variant-ligatures: normal; font-variant-caps: normal; font-weight: 400; letter-spacing: normal; orphans: 2; text-align: start; text-indent: 0px; text-transform: none; widows: 2; word-spacing: 0px; -webkit-text-stroke-width: 0px; white-space: normal; background-color: rgb(255, 255, 255); text-decoration-thickness: initial; text-decoration-style: initial; text-decoration-color: initial;\"><section id=\"news-view\" class=\"pt-0 pb-0 view-items-page\" style=\"box-sizing: border-box; position: relative; background-color: rgb(255, 255, 255); padding-top: 0px !important; padding-bottom: 0px !important;\"><div class=\"pt-70 pb-70\" style=\"box-sizing: border-box; padding-top: 70px !important; padding-bottom: 70px !important;\"><div class=\"wrapper\" style=\"box-sizing: border-box; width: 1350px; height: auto; margin-left: auto; margin-right: auto; position: relative; max-width: 1350px; padding-left: 120px; padding-right: 120px;\"><div class=\"row\" style=\"box-sizing: border-box; --bs-gutter-x: 1.5rem; --bs-gutter-y: 0; display: flex; flex-wrap: wrap; margin-top: 0px; margin-right: -12px; margin-left: -12px;\"><div class=\"col-lg-8 offset-lg-1 col-md-9 order-1-zero-sm\" style=\"box-sizing: border-box; flex: 0 0 auto; width: 756px; max-width: 100%; padding-right: 12px; padding-left: 12px; margin-top: 0px; margin-left: 94.5px;\"><div class=\"view-section aos-init aos-animate\" data-aos=\"fade-up\" data-aos-duration=\"2000\" style=\"box-sizing: border-box; transform: translateZ(0px); opacity: 1; transition-property: opacity, transform; transition-duration: 2s; transition-timing-function: ease;\"><h5 style=\"box-sizing: border-box; margin-top: 25px; margin-bottom: 0.5rem; font-weight: 500; line-height: 1.5; font-size: 16px;\">The Deep Seafood Group has signed a Memorandum of Understanding (MOU) with MISA Saudi Arabia to invest in production plants and storage facilities across the Kingdom. This strategic partnership aims to significantly boost seafood production and streamline supply chain efficiency. By establishing these facilities, Deep Seafood Group seeks to expand its footprint in the region, ensuring a steady supply of high-quality seafood products. The collaboration is expected to enhance local seafood availability, stimulate economic growth, and foster innovation within Saudi Arabia's food industry, aligning with the Kingdom's vision for a sustainable and diversified economy.</h5></div></div></div></div></div></section></div>", "slug": "innovation-waves-harvesting-success"}}, {"model": "company.news", "pk": 15, "fields": {"created": "2025-05-16T09:26:57.262Z", "updated": "2025-05-16T10:33:39.776Z", "status": true, "title": "The Deep Seafood Group has Signed an investment agreement with Modon Saudi Arabia  26/06/2023", "location": "Jeddah Saudi Arabia", "date": "2023-06-26", "sequence": 9, "name": "MODON", "type": "company news", "content": "<p><footer style=\"box-sizing: border-box; position: relative; overflow: hidden; color: rgb(255, 255, 255); font-family: Inter; font-size: 15px; font-style: normal; font-variant-ligatures: normal; font-variant-caps: normal; font-weight: 400; letter-spacing: normal; orphans: 2; text-align: start; text-indent: 0px; text-transform: none; widows: 2; word-spacing: 0px; -webkit-text-stroke-width: 0px; white-space: normal; background-color: rgb(255, 255, 255); text-decoration-thickness: initial; text-decoration-style: initial; text-decoration-color: initial;\"><div class=\"wrapper aos-init\" data-aos=\"fade-down\" data-aos-duration=\"1000\" style=\"box-sizing: border-box; transform: translate3d(0px, -100px, 0px); width: 1350px; height: auto; margin-left: auto; margin-right: auto; position: relative; max-width: 1350px; padding-left: 120px; padding-right: 120px; opacity: 0; transition-property: opacity, transform; transition-duration: 1s; transition-timing-function: ease;\"><div class=\"row justify-content-center\" style=\"box-sizing: border-box; --bs-gutter-x: 1.5rem; --bs-gutter-y: 0; display: flex; flex-wrap: wrap; margin-top: 0px; margin-right: -12px; margin-left: -12px; justify-content: center !important;\"></div></div></footer></p><div class=\"main-div pt-0 header-bg-transparent header-logo-white\" style=\"box-sizing: border-box; padding-top: 90px; max-width: 2500px; margin-left: auto; margin-right: auto; color: rgb(26, 26, 26); font-family: Inter; font-size: 15px; font-style: normal; font-variant-ligatures: normal; font-variant-caps: normal; font-weight: 400; letter-spacing: normal; orphans: 2; text-align: start; text-indent: 0px; text-transform: none; widows: 2; word-spacing: 0px; -webkit-text-stroke-width: 0px; white-space: normal; background-color: rgb(255, 255, 255); text-decoration-thickness: initial; text-decoration-style: initial; text-decoration-color: initial;\"><section id=\"news-view\" class=\"pt-0 pb-0 view-items-page\" style=\"box-sizing: border-box; position: relative; background-color: rgb(255, 255, 255); padding-top: 0px !important; padding-bottom: 0px !important;\"><div class=\"pt-70 pb-70\" style=\"box-sizing: border-box; padding-top: 70px !important; padding-bottom: 70px !important;\"><div class=\"wrapper\" style=\"box-sizing: border-box; width: 1350px; height: auto; margin-left: auto; margin-right: auto; position: relative; max-width: 1350px; padding-left: 120px; padding-right: 120px;\"><div class=\"row\" style=\"box-sizing: border-box; --bs-gutter-x: 1.5rem; --bs-gutter-y: 0; display: flex; flex-wrap: wrap; margin-top: 0px; margin-right: -12px; margin-left: -12px;\"><div class=\"col-lg-8 offset-lg-1 col-md-9 order-1-zero-sm\" style=\"box-sizing: border-box; flex: 0 0 auto; width: 756px; max-width: 100%; padding-right: 12px; padding-left: 12px; margin-top: 0px; margin-left: 94.5px;\"><div class=\"view-section aos-init aos-animate\" data-aos=\"fade-up\" data-aos-duration=\"2000\" style=\"box-sizing: border-box; transform: translateZ(0px); opacity: 1; transition-property: opacity, transform; transition-duration: 2s; transition-timing-function: ease;\"><h5 style=\"box-sizing: border-box; margin-top: 25px; margin-bottom: 0.5rem; font-weight: 500; line-height: 1.5; font-size: 16px;\">The Deep Seafood Company is pleased to announce the progression of two ongoing projects, underscoring our dedication to expansion and innovation in the seafood industry. Situated in the Jeddah Industrial Area and the Riyadh Sulaiha Industrial Area respectively, these projects signify a strategic investment in bolstering our capacity and maintaining our commitment to quality. In Jeddah, our ongoing project features a cutting-edge facility equipped with a 7000 metric ton capacity freezer room, alongside IQF cooking and breading lines. This facility is meticulously designed to meet the stringent standards of HACCP, ISO, BRC, FSSC, and EU, ensuring that our seafood products maintain their freshness and quality from sea to plate. Similarly, in Riyadh, our project encompasses a 4000 metric ton capacity freezer room and a spacious 60000 square feet buildup area, further solidifying our foothold in the region and facilitating our ability to cater to the growing demands of our diverse clientele. As we continue to forge ahead with these projects, The Deep Seafood Company remains steadfast in our commitment to delivering the finest seafood products while adhering to the highest standards of quality and food safety. We invite our customers to join us on this journey as we strive to redefine excellence in the seafood industry and uphold our reputation as a trusted provider of premium seafood products.</h5></div></div></div></div></div></section></div>", "slug": "the-deep-seafood-group-has-signed-an-investment-agreement-with-modon-saudi-arabia-26062023"}}, {"model": "company.news", "pk": 16, "fields": {"created": "2025-05-16T09:28:19.773Z", "updated": "2025-05-16T10:50:38.295Z", "status": true, "title": "Royal Future Unveils Groundbreaking Facility in Riyadh, Ushering a New Era of Industrial Excellence", "location": "Riyadh KSA", "date": "2024-10-10", "sequence": 5, "name": "Riyadh KSA", "type": "company news", "content": "<p><footer style=\"box-sizing: border-box; position: relative; overflow: hidden; color: rgb(255, 255, 255); font-family: Inter; font-size: 15px; font-style: normal; font-variant-ligatures: normal; font-variant-caps: normal; font-weight: 400; letter-spacing: normal; orphans: 2; text-align: start; text-indent: 0px; text-transform: none; widows: 2; word-spacing: 0px; -webkit-text-stroke-width: 0px; white-space: normal; background-color: rgb(255, 255, 255); text-decoration-thickness: initial; text-decoration-style: initial; text-decoration-color: initial;\"><div class=\"wrapper aos-init\" data-aos=\"fade-down\" data-aos-duration=\"1000\" style=\"box-sizing: border-box; transform: translate3d(0px, -100px, 0px); width: 1350px; height: auto; margin-left: auto; margin-right: auto; position: relative; max-width: 1350px; padding-left: 120px; padding-right: 120px; opacity: 0; transition-property: opacity, transform; transition-duration: 1s; transition-timing-function: ease;\"><div class=\"row justify-content-center\" style=\"box-sizing: border-box; --bs-gutter-x: 1.5rem; --bs-gutter-y: 0; display: flex; flex-wrap: wrap; margin-top: 0px; margin-right: -12px; margin-left: -12px; justify-content: center !important;\"></div></div></footer></p><div class=\"main-div pt-0 header-bg-transparent header-logo-white\" style=\"box-sizing: border-box; padding-top: 90px; max-width: 2500px; margin-left: auto; margin-right: auto; color: rgb(26, 26, 26); font-family: Inter; font-size: 15px; font-style: normal; font-variant-ligatures: normal; font-variant-caps: normal; font-weight: 400; letter-spacing: normal; orphans: 2; text-align: start; text-indent: 0px; text-transform: none; widows: 2; word-spacing: 0px; -webkit-text-stroke-width: 0px; white-space: normal; background-color: rgb(255, 255, 255); text-decoration-thickness: initial; text-decoration-style: initial; text-decoration-color: initial;\"><section id=\"news-view\" class=\"pt-0 pb-0 view-items-page\" style=\"box-sizing: border-box; position: relative; background-color: rgb(255, 255, 255); padding-top: 0px !important; padding-bottom: 0px !important;\"><div class=\"pt-70 pb-70\" style=\"box-sizing: border-box; padding-top: 70px !important; padding-bottom: 70px !important;\"><div class=\"wrapper\" style=\"box-sizing: border-box; width: 1350px; height: auto; margin-left: auto; margin-right: auto; position: relative; max-width: 1350px; padding-left: 120px; padding-right: 120px;\"><div class=\"row\" style=\"box-sizing: border-box; --bs-gutter-x: 1.5rem; --bs-gutter-y: 0; display: flex; flex-wrap: wrap; margin-top: 0px; margin-right: -12px; margin-left: -12px;\"><div class=\"col-lg-8 offset-lg-1 col-md-9 order-1-zero-sm\" style=\"box-sizing: border-box; flex: 0 0 auto; width: 756px; max-width: 100%; padding-right: 12px; padding-left: 12px; margin-top: 0px; margin-left: 94.5px;\"><div class=\"view-section aos-init aos-animate\" data-aos=\"fade-up\" data-aos-duration=\"2000\" style=\"box-sizing: border-box; transform: translateZ(0px); opacity: 1; transition-property: opacity, transform; transition-duration: 2s; transition-timing-function: ease;\"><h5 style=\"box-sizing: border-box; margin-top: 25px; margin-bottom: 0.5rem; font-weight: 500; line-height: 1.5; font-size: 16px;\">Riyadh, KSA   Royal Future proudly announces the groundbreaking of its cutting-edge logistics facility in Riyadh, marking a new milestone in industrial excellence. Spanning 60,000 square feet, the MODON-approved facility features 4000 MT capacity freezer rooms and an advanced mobile pallet racking system, ensuring efficiency and scalability. Aligned with Vision 2030, this development strengthens Saudi Arabia s position as a global trade hub, driving innovation in cold chain logistics and industrial infrastructure.</h5></div></div></div></div></div></section></div>", "slug": "royal-future-unveils-groundbreaking-facility-in-riyadh-ushering-a-new-era-of-industrial-excellence"}}, {"model": "company.news", "pk": 17, "fields": {"created": "2025-05-16T09:35:42.174Z", "updated": "2025-05-16T10:18:21.233Z", "status": true, "title": "Gourmex: Unveils a New Era of Premium Meats and Poultry", "location": "Dubai", "date": "2023-10-19", "sequence": 7, "name": "Gourmex", "type": "company news", "content": "<p><footer style=\"box-sizing: border-box; position: relative; overflow: hidden; color: rgb(255, 255, 255); font-family: Inter; font-size: 15px; font-style: normal; font-variant-ligatures: normal; font-variant-caps: normal; font-weight: 400; letter-spacing: normal; orphans: 2; text-align: start; text-indent: 0px; text-transform: none; widows: 2; word-spacing: 0px; -webkit-text-stroke-width: 0px; white-space: normal; background-color: rgb(255, 255, 255); text-decoration-thickness: initial; text-decoration-style: initial; text-decoration-color: initial;\"><div class=\"wrapper aos-init\" data-aos=\"fade-down\" data-aos-duration=\"1000\" style=\"box-sizing: border-box; transform: translate3d(0px, -100px, 0px); width: 1350px; height: auto; margin-left: auto; margin-right: auto; position: relative; max-width: 1350px; padding-left: 120px; padding-right: 120px; opacity: 0; transition-property: opacity, transform; transition-duration: 1s; transition-timing-function: ease;\"><div class=\"row justify-content-center\" style=\"box-sizing: border-box; --bs-gutter-x: 1.5rem; --bs-gutter-y: 0; display: flex; flex-wrap: wrap; margin-top: 0px; margin-right: -12px; margin-left: -12px; justify-content: center !important;\"></div></div></footer></p><div class=\"main-div pt-0 header-bg-transparent header-logo-white\" style=\"box-sizing: border-box; padding-top: 90px; max-width: 2500px; margin-left: auto; margin-right: auto; color: rgb(26, 26, 26); font-family: Inter; font-size: 15px; font-style: normal; font-variant-ligatures: normal; font-variant-caps: normal; font-weight: 400; letter-spacing: normal; orphans: 2; text-align: start; text-indent: 0px; text-transform: none; widows: 2; word-spacing: 0px; -webkit-text-stroke-width: 0px; white-space: normal; background-color: rgb(255, 255, 255); text-decoration-thickness: initial; text-decoration-style: initial; text-decoration-color: initial;\"><section id=\"news-view\" class=\"pt-0 pb-0 view-items-page\" style=\"box-sizing: border-box; position: relative; background-color: rgb(255, 255, 255); padding-top: 0px !important; padding-bottom: 0px !important;\"><div class=\"pt-70 pb-70\" style=\"box-sizing: border-box; padding-top: 70px !important; padding-bottom: 70px !important;\"><div class=\"wrapper\" style=\"box-sizing: border-box; width: 1350px; height: auto; margin-left: auto; margin-right: auto; position: relative; max-width: 1350px; padding-left: 120px; padding-right: 120px;\"><div class=\"row\" style=\"box-sizing: border-box; --bs-gutter-x: 1.5rem; --bs-gutter-y: 0; display: flex; flex-wrap: wrap; margin-top: 0px; margin-right: -12px; margin-left: -12px;\"><div class=\"col-lg-8 offset-lg-1 col-md-9 order-1-zero-sm\" style=\"box-sizing: border-box; flex: 0 0 auto; width: 756px; max-width: 100%; padding-right: 12px; padding-left: 12px; margin-top: 0px; margin-left: 94.5px;\"><div class=\"view-section aos-init aos-animate\" data-aos=\"fade-up\" data-aos-duration=\"2000\" style=\"box-sizing: border-box; transform: translateZ(0px); opacity: 1; transition-property: opacity, transform; transition-duration: 2s; transition-timing-function: ease;\"><h5 style=\"box-sizing: border-box; margin-top: 25px; margin-bottom: 0.5rem; font-weight: 500; line-height: 1.5; font-size: 16px;\">The Deep Sea Company: We proudly introduce a new chapter of growth and excellence. With a focus on providing premium meats, including Wagyu beef, duck, turkey, chicken, and mutton, we cater to a wide range of establishments, from esteemed restaurants to luxurious hotels. Our dedication to delivering succulent meat experiences knows no bounds as we strive to captivate discerning palates with unparalleled delight. With a legacy spanning 37 years, our parental company maintains a steadfast commitment to delivering greatness to our clientele. Upholding this tradition, we pledge to continue providing unmatched quality meat that exceeds expectations. Gourmex sets ambitious goals for the future, envisioning a leadership role in the culinary landscape with our premium meats and poultry offerings. We prioritize sustainability and innovation, aiming to redefine gourmet dining experiences. Our mission revolves around ensuring uncompromising quality in every cut of meat, hand-selecting premium Wagyu, meat, and poultry for our customers. We are dedicated to surpassing expectations with exceptional service and ultimate customer satisfaction, staying true to our principles and core values</h5></div></div></div></div></div></section></div>", "slug": "gourmex-unveils-a-new-era-of-premium-meats-and-poultry"}}, {"model": "company.news", "pk": 18, "fields": {"created": "2025-05-16T09:36:13.435Z", "updated": "2025-05-16T10:11:54.819Z", "status": true, "title": "The Deep Seafood Company Expands Presence with New Office in Kochi", "location": "Kochi", "date": "2025-02-14", "sequence": 1, "name": "The Deep Sea Food Company", "type": "company news", "content": "<p><footer style=\"box-sizing: border-box; position: relative; overflow: hidden; color: rgb(255, 255, 255); font-family: Inter; font-size: 15px; font-style: normal; font-variant-ligatures: normal; font-variant-caps: normal; font-weight: 400; letter-spacing: normal; orphans: 2; text-align: start; text-indent: 0px; text-transform: none; widows: 2; word-spacing: 0px; -webkit-text-stroke-width: 0px; white-space: normal; background-color: rgb(255, 255, 255); text-decoration-thickness: initial; text-decoration-style: initial; text-decoration-color: initial;\"><div class=\"wrapper aos-init\" data-aos=\"fade-down\" data-aos-duration=\"1000\" style=\"box-sizing: border-box; transform: translate3d(0px, -100px, 0px); width: 1350px; height: auto; margin-left: auto; margin-right: auto; position: relative; max-width: 1350px; padding-left: 120px; padding-right: 120px; opacity: 0; transition-property: opacity, transform; transition-duration: 1s; transition-timing-function: ease;\"><div class=\"row justify-content-center\" style=\"box-sizing: border-box; --bs-gutter-x: 1.5rem; --bs-gutter-y: 0; display: flex; flex-wrap: wrap; margin-top: 0px; margin-right: -12px; margin-left: -12px; justify-content: center !important;\"></div></div></footer></p><div class=\"main-div pt-0 header-bg-transparent header-logo-white\" style=\"box-sizing: border-box; padding-top: 90px; max-width: 2500px; margin-left: auto; margin-right: auto; color: rgb(26, 26, 26); font-family: Inter; font-size: 15px; font-style: normal; font-variant-ligatures: normal; font-variant-caps: normal; font-weight: 400; letter-spacing: normal; orphans: 2; text-align: start; text-indent: 0px; text-transform: none; widows: 2; word-spacing: 0px; -webkit-text-stroke-width: 0px; white-space: normal; background-color: rgb(255, 255, 255); text-decoration-thickness: initial; text-decoration-style: initial; text-decoration-color: initial;\"><section id=\"news-view\" class=\"pt-0 pb-0 view-items-page\" style=\"box-sizing: border-box; position: relative; background-color: rgb(255, 255, 255); padding-top: 0px !important; padding-bottom: 0px !important;\"><div class=\"pt-70 pb-70\" style=\"box-sizing: border-box; padding-top: 70px !important; padding-bottom: 70px !important;\"><div class=\"wrapper\" style=\"box-sizing: border-box; width: 1350px; height: auto; margin-left: auto; margin-right: auto; position: relative; max-width: 1350px; padding-left: 120px; padding-right: 120px;\"><div class=\"row\" style=\"box-sizing: border-box; --bs-gutter-x: 1.5rem; --bs-gutter-y: 0; display: flex; flex-wrap: wrap; margin-top: 0px; margin-right: -12px; margin-left: -12px;\"><div class=\"col-lg-8 offset-lg-1 col-md-9 order-1-zero-sm\" style=\"box-sizing: border-box; flex: 0 0 auto; width: 756px; max-width: 100%; padding-right: 12px; padding-left: 12px; margin-top: 0px; margin-left: 94.5px;\"><div class=\"view-section aos-init aos-animate\" data-aos=\"fade-up\" data-aos-duration=\"2000\" style=\"box-sizing: border-box; transform: translateZ(0px); opacity: 1; transition-property: opacity, transform; transition-duration: 2s; transition-timing-function: ease;\"><h5 style=\"box-sizing: border-box; margin-top: 25px; margin-bottom: 0.5rem; font-weight: 500; line-height: 1.5; font-size: 16px;\">Kochi, India   February 14, 2025   The Deep Seafood Company proudly announces the grand opening of its new office in Kochi, reinforcing its commitment to expansion and excellence in the seafood industry. This new facility marks a significant milestone in the company s journey, enhancing operations, strengthening partnerships, and fostering innovation in the region. The inauguration event, held on February 14, 2025, at 10:30 AM, was a momentous occasion, celebrating growth, vision, and the company s dedication to serving global markets. With this expansion, The Deep Seafood Company continues to solidify its position as a leader in the seafood sector, ensuring the highest standards of quality and service worldwide.</h5></div></div></div></div></div></section></div>", "slug": "the-deep-seafood-company-expands-presence-with-new-office-in-kochi"}}, {"model": "company.news", "pk": 19, "fields": {"created": "2025-05-16T09:38:31.636Z", "updated": "2025-05-16T10:07:47.666Z", "status": true, "title": "The Deep Seafood Company Featured in Khaleej Times!", "location": "Dubai", "date": "2025-02-14", "sequence": 2, "name": "The Deep Seafood Company", "type": "company news", "content": "<div class=\"main-div pt-0 header-bg-transparent header-logo-white\" style=\"padding-top: 90px; max-width: 2500px; margin-left: auto; margin-right: auto;\"><section id=\"news-view\" class=\"pt-0 pb-0 view-items-page\" style=\"position: relative; padding-top: 0px !important; padding-bottom: 0px !important;\"><div class=\"pt-70 pb-70\" style=\"padding-top: 70px !important; padding-bottom: 70px !important;\"><div class=\"wrapper\" style=\"width: 1350px; height: auto; margin-left: auto; margin-right: auto; position: relative; max-width: 1350px; padding-left: 120px; padding-right: 120px;\"><div class=\"row\" style=\"--bs-gutter-x: 1.5rem; --bs-gutter-y: 0; display: flex; flex-wrap: wrap; margin-top: 0px; margin-right: -12px; margin-left: -12px;\"><div class=\"col-lg-8 offset-lg-1 col-md-9 order-1-zero-sm\" style=\"flex: 0 0 auto; width: 756px; max-width: 100%; padding-right: 12px; padding-left: 12px; margin-top: 0px; margin-left: 94.5px;\"><div class=\"view-section aos-init aos-animate\" data-aos=\"fade-up\" data-aos-duration=\"2000\" style=\"transform: translateZ(0px); opacity: 1; transition-property: opacity, transform; transition-duration: 2s; transition-timing-function: ease;\"><h5 style=\"margin-top: 25px; margin-bottom: 0.5rem; line-height: 1.5; font-size: 16px;\">We are proud to share that Khaleej Times has featured The Deep Seafood Company in a recent article, highlighting our journey, achievements, and future expansion plans. Founded in 1986 by Yoosuf Pangatt and Hamza Koya Kallan, The Deep Seafood Company has grown from a modest seafood business in Abu Dhabi into a global industry leader with operations in seven countries and a team of over 1,000 employees. As we celebrate our 39th anniversary, we continue to expand, with a new corporate HQ in the UAE and a state-of-the-art production facility set to open soon. The article also recognizes our commitment to sustainability, with MSC and ASC certifications, as well as food safety excellence through FSSC, EU, and USFDA approvals. With a portfolio of over 2,500 products, including fresh and frozen seafood, live seafood, and ready-to-eat specialties, we remain at the forefront of the industry. Our premium seafood brand, Oceano, and our Gourmex range of meat, poultry, and vegetables showcase our dedication to delivering high-quality products worldwide. As we prepare for Gulfood 2025 (February 17 23), we look forward to connecting with industry leaders, partners, and customers. We are honored to be featured in Khaleej Times and remain committed to shaping the future of the seafood and food industry. Read the full article here: https://www.khaleejtimes.com/kt-network/the-deep-seafood-company-celebrates-39-years-unveils-expansion-plans-and-new-premium-brands</h5></div></div></div></div></div></section></div><footer style=\"position: relative; overflow: hidden; color: rgb(255, 255, 255);\"><div class=\"wrapper aos-init\" data-aos=\"fade-down\" data-aos-duration=\"1000\" style=\"transform: translate3d(0px, -100px, 0px); width: 1350px; height: auto; margin-left: auto; margin-right: auto; position: relative; max-width: 1350px; padding-left: 120px; padding-right: 120px; opacity: 0; transition-property: opacity, transform; transition-duration: 1s; transition-timing-function: ease;\"><div class=\"row justify-content-center\" style=\"--bs-gutter-x: 1.5rem; --bs-gutter-y: 0; display: flex; flex-wrap: wrap; margin-top: 0px; margin-right: -12px; margin-left: -12px; justify-content: center !important;\"><div class=\"col-lg-8 text-center\" style=\"flex: 0 0 auto; width: 756px; max-width: 100%; padding-right: 12px; padding-left: 12px; margin-top: 0px;\"><a class=\"a-logo active\" href=\"https://www.thedeepseafood.com/\" style=\"color: rgb(13, 110, 253); text-decoration-line: underline; cursor: default; font-family: Inter; font-size: 15px; background-color: rgb(255, 255, 255);\"><img class=\"logo\" src=\"https://www.thedeepseafood.com/static/website/assets/general/images/logo-white.png\" style=\"max-width: 100%; max-height: 100px;\"></a><span style=\"font-family: Inter; font-size: 15px;\"></span><div class=\"caption\" style=\"margin-top: 12px; margin-bottom: 40px; font-size: 12px; font-family: Inter;\">Partner with one of the most trusted live and frozen seafood suppliers&nbsp;in&nbsp;UAE.</div><div><br></div><div style=\"font-family: Inter; font-size: 15px;\"></div></div></div></div></footer>", "slug": "the-deep-seafood-company-featured-in-khaleej-times"}}, {"model": "company.news", "pk": 20, "fields": {"created": "2025-05-16T09:42:48.272Z", "updated": "2025-05-16T10:39:13.020Z", "status": true, "title": "Royal Future Inaugurates State-of-the-Art Seafood Warehouse in Riyadh", "location": "Tabuk", "date": "2025-02-06", "sequence": 3, "name": "The Deep Seafood Company", "type": "company news", "content": "<p><footer style=\"box-sizing: border-box; position: relative; overflow: hidden; color: rgb(255, 255, 255); font-family: Inter; font-size: 15px; font-style: normal; font-variant-ligatures: normal; font-variant-caps: normal; font-weight: 400; letter-spacing: normal; orphans: 2; text-align: start; text-indent: 0px; text-transform: none; widows: 2; word-spacing: 0px; -webkit-text-stroke-width: 0px; white-space: normal; background-color: rgb(255, 255, 255); text-decoration-thickness: initial; text-decoration-style: initial; text-decoration-color: initial;\"><div class=\"wrapper aos-init aos-animate\" data-aos=\"fade-down\" data-aos-duration=\"1000\" style=\"box-sizing: border-box; transform: translateZ(0px); width: 1350px; height: auto; margin-left: auto; margin-right: auto; position: relative; max-width: 1350px; padding-left: 120px; padding-right: 120px; opacity: 1; transition-property: opacity, transform; transition-duration: 1s; transition-timing-function: ease;\"><div class=\"row justify-content-center\" style=\"box-sizing: border-box; --bs-gutter-x: 1.5rem; --bs-gutter-y: 0; display: flex; flex-wrap: wrap; margin-top: 0px; margin-right: -12px; margin-left: -12px; justify-content: center !important;\"></div></div></footer></p><div class=\"main-div pt-0 header-bg-transparent header-logo-white\" style=\"box-sizing: border-box; padding-top: 90px; max-width: 2500px; margin-left: auto; margin-right: auto; color: rgb(26, 26, 26); font-family: Inter; font-size: 15px; font-style: normal; font-variant-ligatures: normal; font-variant-caps: normal; font-weight: 400; letter-spacing: normal; orphans: 2; text-align: start; text-indent: 0px; text-transform: none; widows: 2; word-spacing: 0px; -webkit-text-stroke-width: 0px; white-space: normal; background-color: rgb(255, 255, 255); text-decoration-thickness: initial; text-decoration-style: initial; text-decoration-color: initial;\"><section id=\"news-view\" class=\"pt-0 pb-0 view-items-page\" style=\"box-sizing: border-box; position: relative; background-color: rgb(255, 255, 255); padding-top: 0px !important; padding-bottom: 0px !important;\"><div class=\"pt-70 pb-70\" style=\"box-sizing: border-box; padding-top: 70px !important; padding-bottom: 70px !important;\"><div class=\"wrapper\" style=\"box-sizing: border-box; width: 1350px; height: auto; margin-left: auto; margin-right: auto; position: relative; max-width: 1350px; padding-left: 120px; padding-right: 120px;\"><div class=\"row\" style=\"box-sizing: border-box; --bs-gutter-x: 1.5rem; --bs-gutter-y: 0; display: flex; flex-wrap: wrap; margin-top: 0px; margin-right: -12px; margin-left: -12px;\"><div class=\"col-lg-8 offset-lg-1 col-md-9 order-1-zero-sm\" style=\"box-sizing: border-box; flex: 0 0 auto; width: 756px; max-width: 100%; padding-right: 12px; padding-left: 12px; margin-top: 0px; margin-left: 94.5px;\"><div class=\"view-section aos-init aos-animate\" data-aos=\"fade-up\" data-aos-duration=\"2000\" style=\"box-sizing: border-box; transform: translateZ(0px); opacity: 1; transition-property: opacity, transform; transition-duration: 2s; transition-timing-function: ease;\"><h5 style=\"box-sizing: border-box; margin-top: 25px; margin-bottom: 0.5rem; font-weight: 500; line-height: 1.5; font-size: 16px;\">Riyadh, KSA   Royal Future proudly announces the grand inauguration of its new seafood warehouse in Riyadh, marking a significant step in its commitment to expanding reach and enhancing service. This cutting-edge facility strengthens Royal Future s ability to meet growing market demands with advanced cold storage solutions and efficient logistics infrastructure. The opening ceremony was a momentous occasion, attended by esteemed leadership and dedicated team members, celebrating a new chapter of growth and innovation. With this expansion, Royal Future continues to set new industry standards, reinforcing its position as a leader in global seafood distribution.</h5></div></div></div></div></div></section></div>", "slug": "royal-future-inaugurates-state-of-the-art-seafood-warehouse-in-riyadh"}}, {"model": "company.news", "pk": 21, "fields": {"created": "2025-05-16T09:44:11.226Z", "updated": "2025-05-16T10:45:52.290Z", "status": true, "title": "The Deep Seafood Company Inaugurates New Corporate Office in Sharjah", "location": "Sharjah", "date": "2024-12-12", "sequence": 4, "name": "The Deep Seafood Company", "type": "company news", "content": "<p><footer style=\"box-sizing: border-box; position: relative; overflow: hidden; color: rgb(255, 255, 255); font-family: Inter; font-size: 15px; font-style: normal; font-variant-ligatures: normal; font-variant-caps: normal; font-weight: 400; letter-spacing: normal; orphans: 2; text-align: start; text-indent: 0px; text-transform: none; widows: 2; word-spacing: 0px; -webkit-text-stroke-width: 0px; white-space: normal; background-color: rgb(255, 255, 255); text-decoration-thickness: initial; text-decoration-style: initial; text-decoration-color: initial;\"><div class=\"wrapper aos-init\" data-aos=\"fade-down\" data-aos-duration=\"1000\" style=\"box-sizing: border-box; transform: translate3d(0px, -100px, 0px); width: 1350px; height: auto; margin-left: auto; margin-right: auto; position: relative; max-width: 1350px; padding-left: 120px; padding-right: 120px; opacity: 0; transition-property: opacity, transform; transition-duration: 1s; transition-timing-function: ease;\"><div class=\"row justify-content-center\" style=\"box-sizing: border-box; --bs-gutter-x: 1.5rem; --bs-gutter-y: 0; display: flex; flex-wrap: wrap; margin-top: 0px; margin-right: -12px; margin-left: -12px; justify-content: center !important;\"></div></div></footer></p><div class=\"main-div pt-0 header-bg-transparent header-logo-white\" style=\"box-sizing: border-box; padding-top: 90px; max-width: 2500px; margin-left: auto; margin-right: auto; color: rgb(26, 26, 26); font-family: Inter; font-size: 15px; font-style: normal; font-variant-ligatures: normal; font-variant-caps: normal; font-weight: 400; letter-spacing: normal; orphans: 2; text-align: start; text-indent: 0px; text-transform: none; widows: 2; word-spacing: 0px; -webkit-text-stroke-width: 0px; white-space: normal; background-color: rgb(255, 255, 255); text-decoration-thickness: initial; text-decoration-style: initial; text-decoration-color: initial;\"><section id=\"news-view\" class=\"pt-0 pb-0 view-items-page\" style=\"box-sizing: border-box; position: relative; background-color: rgb(255, 255, 255); padding-top: 0px !important; padding-bottom: 0px !important;\"><div class=\"pt-70 pb-70\" style=\"box-sizing: border-box; padding-top: 70px !important; padding-bottom: 70px !important;\"><div class=\"wrapper\" style=\"box-sizing: border-box; width: 1350px; height: auto; margin-left: auto; margin-right: auto; position: relative; max-width: 1350px; padding-left: 120px; padding-right: 120px;\"><div class=\"row\" style=\"box-sizing: border-box; --bs-gutter-x: 1.5rem; --bs-gutter-y: 0; display: flex; flex-wrap: wrap; margin-top: 0px; margin-right: -12px; margin-left: -12px;\"><div class=\"col-lg-8 offset-lg-1 col-md-9 order-1-zero-sm\" style=\"box-sizing: border-box; flex: 0 0 auto; width: 756px; max-width: 100%; padding-right: 12px; padding-left: 12px; margin-top: 0px; margin-left: 94.5px;\"><div class=\"view-section aos-init aos-animate\" data-aos=\"fade-up\" data-aos-duration=\"2000\" style=\"box-sizing: border-box; transform: translateZ(0px); opacity: 1; transition-property: opacity, transform; transition-duration: 2s; transition-timing-function: ease;\"><h5 style=\"box-sizing: border-box; margin-top: 25px; margin-bottom: 0.5rem; font-weight: 500; line-height: 1.5; font-size: 16px;\">Sharjah, UAE   The Deep Seafood Company proudly celebrated the inauguration of its new corporate office in Sharjah, UAE. This milestone event was graced by the Management, esteemed guests, company leaders, and dedicated team members. The state-of-the-art facility embodies its ongoing commitment to growth, innovation, and excellence in the seafood industry. Strategically designed to foster collaboration and operational efficiency, the new corporate office serves as a central hub for the company s regional and global activities. This expansion marks a significant step in strengthening it's position as a leader in the seafood market. With a relentless focus on delivering top quality products and services, the company continues to set benchmarks in the industry, catering to customers worldwide. This new chapter reflects the dedication to its vision of excellence, growth, and sustainable&nbsp;success.</h5></div></div></div></div></div></section></div>", "slug": "the-deep-seafood-company-inaugurates-new-corporate-office-in-sharjah"}}, {"model": "company.news", "pk": 22, "fields": {"created": "2025-05-16T09:44:24.969Z", "updated": "2025-05-16T10:37:29.295Z", "status": true, "title": "Ajman Chamber Officials Visit Deep Seafood Company", "location": "Ajman", "date": "2023-08-22", "sequence": 8, "name": "Ajman Chamber Officials Visit", "type": "company news", "content": "<p><footer style=\"box-sizing: border-box; position: relative; overflow: hidden; color: rgb(255, 255, 255); font-family: Inter; font-size: 15px; font-style: normal; font-variant-ligatures: normal; font-variant-caps: normal; font-weight: 400; letter-spacing: normal; orphans: 2; text-align: start; text-indent: 0px; text-transform: none; widows: 2; word-spacing: 0px; -webkit-text-stroke-width: 0px; white-space: normal; background-color: rgb(255, 255, 255); text-decoration-thickness: initial; text-decoration-style: initial; text-decoration-color: initial;\"><div class=\"wrapper aos-init aos-animate\" data-aos=\"fade-down\" data-aos-duration=\"1000\" style=\"box-sizing: border-box; transform: translateZ(0px); width: 1350px; height: auto; margin-left: auto; margin-right: auto; position: relative; max-width: 1350px; padding-left: 120px; padding-right: 120px; opacity: 1; transition-property: opacity, transform; transition-duration: 1s; transition-timing-function: ease;\"><div class=\"row justify-content-center\" style=\"box-sizing: border-box; --bs-gutter-x: 1.5rem; --bs-gutter-y: 0; display: flex; flex-wrap: wrap; margin-top: 0px; margin-right: -12px; margin-left: -12px; justify-content: center !important;\"></div></div></footer></p><div class=\"main-div pt-0 header-bg-transparent header-logo-white\" style=\"box-sizing: border-box; padding-top: 90px; max-width: 2500px; margin-left: auto; margin-right: auto; color: rgb(26, 26, 26); font-family: Inter; font-size: 15px; font-style: normal; font-variant-ligatures: normal; font-variant-caps: normal; font-weight: 400; letter-spacing: normal; orphans: 2; text-align: start; text-indent: 0px; text-transform: none; widows: 2; word-spacing: 0px; -webkit-text-stroke-width: 0px; white-space: normal; background-color: rgb(255, 255, 255); text-decoration-thickness: initial; text-decoration-style: initial; text-decoration-color: initial;\"><section id=\"news-view\" class=\"pt-0 pb-0 view-items-page\" style=\"box-sizing: border-box; position: relative; background-color: rgb(255, 255, 255); padding-top: 0px !important; padding-bottom: 0px !important;\"><div class=\"pt-70 pb-70\" style=\"box-sizing: border-box; padding-top: 70px !important; padding-bottom: 70px !important;\"><div class=\"wrapper\" style=\"box-sizing: border-box; width: 1350px; height: auto; margin-left: auto; margin-right: auto; position: relative; max-width: 1350px; padding-left: 120px; padding-right: 120px;\"><div class=\"row\" style=\"box-sizing: border-box; --bs-gutter-x: 1.5rem; --bs-gutter-y: 0; display: flex; flex-wrap: wrap; margin-top: 0px; margin-right: -12px; margin-left: -12px;\"><div class=\"col-lg-8 offset-lg-1 col-md-9 order-1-zero-sm\" style=\"box-sizing: border-box; flex: 0 0 auto; width: 756px; max-width: 100%; padding-right: 12px; padding-left: 12px; margin-top: 0px; margin-left: 94.5px;\"><div class=\"view-section aos-init aos-animate\" data-aos=\"fade-up\" data-aos-duration=\"2000\" style=\"box-sizing: border-box; transform: translateZ(0px); opacity: 1; transition-property: opacity, transform; transition-duration: 2s; transition-timing-function: ease;\"><h5 style=\"box-sizing: border-box; margin-top: 25px; margin-bottom: 0.5rem; font-weight: 500; line-height: 1.5; font-size: 16px;\">Officials from the Ajman Chamber of Commerce recently visited the Deep Seafood Company to explore potential collaborations and gain insights into its operations. The visit included a comprehensive tour of the company's state-of-the-art facilities, highlighting our innovative production processes and commitment to quality. Discussions focused on fostering business relationships, enhancing trade opportunities, and supporting the local seafood industry. The visit underscores Ajman Chamber's dedication to promoting economic growth and strengthening ties with leading companies, aiming to boost regional commerce and contribute to the UAE's diversified economic development goals.</h5></div></div></div></div></div></section></div>", "slug": "ajman-chamber-officials-visit-deep-seafood-company"}}, {"model": "company.newsimage", "pk": 15, "fields": {"created": "2025-05-16T09:26:57.275Z", "updated": "2025-05-16T09:26:57.275Z", "image": "newsimage/10d04856-5a5a-48ff-9f04-2e5d7cf8c173.jpg", "image_alt": "The Deep Seafood Group has Signed an investment agreement with Modon Saudi Arabia  26/06/2023", "news": 15}}, {"model": "company.newsimage", "pk": 17, "fields": {"created": "2025-05-16T09:35:42.185Z", "updated": "2025-05-16T09:35:42.185Z", "image": "newsimage/fbe5503b-b179-4ed5-afba-45caa8f065c0.jpg", "image_alt": "Gourmex: Unveils a New Era of Premium Meats and Poultry", "news": 17}}, {"model": "company.newsimage", "pk": 18, "fields": {"created": "2025-05-16T09:36:13.447Z", "updated": "2025-05-16T09:36:13.447Z", "image": "newsimage/78ff5200-3c7d-4007-b5ca-f6a4064483e0.jpg", "image_alt": "The Deep Seafood Company Expands Presence with New Office in Kochi", "news": 18}}, {"model": "company.newsimage", "pk": 19, "fields": {"created": "2025-05-16T09:38:31.652Z", "updated": "2025-05-16T09:38:31.652Z", "image": "newsimage/abae36b7-3507-4908-ba8e-cb89ebe711fa.jpg", "image_alt": "The Deep Seafood Company Featured in Khaleej Times!", "news": 19}}, {"model": "company.newsimage", "pk": 20, "fields": {"created": "2025-05-16T09:42:48.288Z", "updated": "2025-05-16T09:42:48.288Z", "image": "newsimage/c74770f4-5492-4cdc-af8c-02462dc97e5d.png", "image_alt": "Royal Future Inaugurates State-of-the-Art Seafood Warehouse in Riyadh", "news": 20}}, {"model": "company.newsimage", "pk": 21, "fields": {"created": "2025-05-16T09:54:03.264Z", "updated": "2025-05-16T09:54:03.264Z", "image": "newsimage/eac3e4c8-5c36-4315-8347-5e48178322fe.jpg", "image_alt": "New Factory at UAQ", "news": 13}}, {"model": "company.newsimage", "pk": 22, "fields": {"created": "2025-05-16T10:37:29.271Z", "updated": "2025-05-16T10:37:29.271Z", "image": "newsimage/28090b80-0079-4e91-a857-e6d24cdfbec6.jpg", "image_alt": "Ajman Chamber Officials Visit Deep Seafood Company", "news": 22}}, {"model": "company.newsimage", "pk": 23, "fields": {"created": "2025-05-16T10:45:52.219Z", "updated": "2025-05-16T10:45:52.219Z", "image": "newsimage/656f3af8-e046-403c-b2a0-f4ddc5b9f203.jpg", "image_alt": "The Deep Seafood Company Inaugurates New Corporate Office in Sharjah", "news": 21}}, {"model": "company.newsimage", "pk": 24, "fields": {"created": "2025-05-16T10:50:38.276Z", "updated": "2025-05-16T10:50:38.277Z", "image": "newsimage/2a2cb77c-5a2c-4e67-b485-ff6be3c77e81.jpg", "image_alt": "Royal Future Unveils Groundbreaking Facility in Riyadh, Ushering a New Era of Industrial Excellence", "news": 16}}, {"model": "company.newsimage", "pk": 25, "fields": {"created": "2025-05-16T10:52:46.592Z", "updated": "2025-05-16T10:52:46.592Z", "image": "newsimage/b6f677ff-6059-47ab-b5f8-9622a830a911.jpg", "image_alt": "Innovation Waves, Harvesting Success", "news": 14}}, {"model": "company.blog", "pk": 1, "fields": {"created": "2025-05-16T06:34:49.674Z", "updated": "2025-05-16T07:34:51.300Z", "status": true, "title": "The Importance of Sustainable Fishing Practices: How Your Choices Impact the Ocean", "location": null, "date": "2022-12-01", "name": "Sustainable Fishing", "content": "<h5 style=\"margin-top: 25px; margin-bottom: 0.5rem; line-height: 1.5; font-size: 16px; color: rgb(13, 81, 137); font-family: Inter;\"><p dir=\"ltr\" style=\"margin-top: 0pt; margin-bottom: 12pt; line-height: 1.38;\"><span style=\"font-size: 11pt; font-family: Arial, sans-serif; color: rgb(0, 0, 0); background-color: transparent; font-variant-numeric: normal; font-variant-east-asian: normal; font-variant-alternates: normal; font-variant-position: normal; vertical-align: baseline; white-space-collapse: preserve;\">The oceans are a vital part of our planet, providing a source of food, livelihoods, and biodiversity. However, the health of our oceans is increasingly threatened by unsustainable fishing practices. In this article, we explore the challenges of overfishing, the importance of sustainable fishing practices, the impact of consumer choices, and the benefits of adopting sustainable approaches to fishing.</span></p></h5><h2 dir=\"ltr\" ibm=\"\" plex=\"\" sans\",=\"\" sans-serif;=\"\" color:=\"\" rgb(40,=\"\" 47,=\"\" 83);\"=\"\" style=\"margin-top: 18pt; margin-bottom: 4pt; line-height: 1.38; font-size: 2rem; color: rgb(13, 81, 137); font-family: Inter;\"><span style=\"font-size: 13pt; font-family: Arial, sans-serif; color: rgb(0, 0, 0); background-color: transparent; font-weight: 700; font-variant-numeric: normal; font-variant-east-asian: normal; font-variant-alternates: normal; font-variant-position: normal; vertical-align: baseline; white-space-collapse: preserve;\">The Challenges of Overfishing</span></h2><p dir=\"ltr\" style=\"margin-top: 12pt; margin-bottom: 12pt; color: rgb(13, 81, 137); font-family: Inter; font-size: 15px; line-height: 1.38;\"><span style=\"font-size: 11pt; font-family: Arial, sans-serif; color: rgb(0, 0, 0); background-color: transparent; font-variant-numeric: normal; font-variant-east-asian: normal; font-variant-alternates: normal; font-variant-position: normal; vertical-align: baseline; white-space-collapse: preserve;\">Overfishing is a serious problem that endangers marine ecosystems around the world. The constant pursuit of fish stocks beyond their natural capacity depletes populations, alters marine feeding networks, and has the potential to cause fisheries to collapse. Unsustainable fishing activities, such as illegal fishing, bycatch, and destructive fishing methods, compound the issue by putting enormous strain on ocean ecosystems and risking marine life's future.</span></p><h2 dir=\"ltr\" ibm=\"\" plex=\"\" sans\",=\"\" sans-serif;=\"\" color:=\"\" rgb(40,=\"\" 47,=\"\" 83);\"=\"\" style=\"margin-top: 18pt; margin-bottom: 4pt; line-height: 1.38; font-size: 2rem; color: rgb(13, 81, 137); font-family: Inter;\"><span style=\"font-size: 13pt; font-family: Arial, sans-serif; color: rgb(0, 0, 0); background-color: transparent; font-weight: 700; font-variant-numeric: normal; font-variant-east-asian: normal; font-variant-alternates: normal; font-variant-position: normal; vertical-align: baseline; white-space-collapse: preserve;\">The Importance of Sustainable Fishing Practices</span></h2><p dir=\"ltr\" style=\"margin-top: 12pt; margin-bottom: 12pt; color: rgb(13, 81, 137); font-family: Inter; font-size: 15px; line-height: 1.38;\"><span style=\"font-size: 11pt; font-family: Arial, sans-serif; color: rgb(0, 0, 0); background-color: transparent; font-variant-numeric: normal; font-variant-east-asian: normal; font-variant-alternates: normal; font-variant-position: normal; vertical-align: baseline; white-space-collapse: preserve;\">Overfishing is a pressing global issue that threatens the delicate balance of marine life. When fish are harvested at a rate that exceeds their ability to reproduce and replenish their populations, it can lead to the depletion of entire species. This not only disrupts the natural food chain but also has far-reaching consequences for the overall health of the ocean.</span></p><ol style=\"padding-left: 2rem; margin-bottom: 0px; color: rgb(13, 81, 137); font-family: Inter; font-size: 15px; padding-inline-start: 48px;\"><li dir=\"ltr\" aria-level=\"1\" style=\"list-style-type: decimal; font-size: 11pt; font-family: Arial, sans-serif; color: rgb(0, 0, 0); background-color: transparent; font-variant-numeric: normal; font-variant-east-asian: normal; font-variant-alternates: normal; font-variant-position: normal; vertical-align: baseline; white-space: pre;\"><p dir=\"ltr\" role=\"presentation\" style=\"margin-top: 12pt; margin-bottom: 0pt; line-height: 1.38;\"><span style=\"font-size: 11pt; background-color: transparent; font-weight: 700; font-variant-numeric: normal; font-variant-east-asian: normal; font-variant-alternates: normal; font-variant-position: normal; vertical-align: baseline; text-wrap: wrap;\">Protects Marine Ecosystems:</span><span style=\"font-size: 11pt; background-color: transparent; font-variant-numeric: normal; font-variant-east-asian: normal; font-variant-alternates: normal; font-variant-position: normal; vertical-align: baseline; text-wrap: wrap;\"> Sustainable fishing practices help protect the flora and fauna within marine environments, preserving the delicate balance of aquatic ecosystems. This ensures the long-term health and resilience of these ecosystems.</span></p></li><li dir=\"ltr\" aria-level=\"1\" style=\"list-style-type: decimal; font-size: 11pt; font-family: Arial, sans-serif; color: rgb(0, 0, 0); background-color: transparent; font-variant-numeric: normal; font-variant-east-asian: normal; font-variant-alternates: normal; font-variant-position: normal; vertical-align: baseline; white-space: pre;\"><p dir=\"ltr\" role=\"presentation\" style=\"margin-top: 0pt; margin-bottom: 0pt; line-height: 1.38;\"><span style=\"font-size: 11pt; background-color: transparent; font-weight: 700; font-variant-numeric: normal; font-variant-east-asian: normal; font-variant-alternates: normal; font-variant-position: normal; vertical-align: baseline; text-wrap: wrap;\">Ensures Food Security and Livelihoods:</span><span style=\"font-size: 11pt; background-color: transparent; font-variant-numeric: normal; font-variant-east-asian: normal; font-variant-alternates: normal; font-variant-position: normal; vertical-align: baseline; text-wrap: wrap;\"> Sustainable fishing practices support the livelihoods of fishermen and coastal communities that rely on seafood as a source of food and income. It helps maintain healthy fish populations to meet the global demand for protein-rich seafood.</span></p></li><li dir=\"ltr\" aria-level=\"1\" style=\"list-style-type: decimal; font-size: 11pt; font-family: Arial, sans-serif; color: rgb(0, 0, 0); background-color: transparent; font-variant-numeric: normal; font-variant-east-asian: normal; font-variant-alternates: normal; font-variant-position: normal; vertical-align: baseline; white-space: pre;\"><p dir=\"ltr\" role=\"presentation\" style=\"margin-top: 0pt; margin-bottom: 0pt; line-height: 1.38;\"><span style=\"font-size: 11pt; background-color: transparent; font-weight: 700; font-variant-numeric: normal; font-variant-east-asian: normal; font-variant-alternates: normal; font-variant-position: normal; vertical-align: baseline; text-wrap: wrap;\">Prevents Overfishing and Stock Depletion:</span><span style=\"font-size: 11pt; background-color: transparent; font-variant-numeric: normal; font-variant-east-asian: normal; font-variant-alternates: normal; font-variant-position: normal; vertical-align: baseline; text-wrap: wrap;\"> Sustainable fishing involves science-based management of fish stocks, setting catch limits, and implementing measures to prevent overfishing. This helps maintain fish populations at sustainable levels for the future.</span></p></li><li dir=\"ltr\" aria-level=\"1\" style=\"list-style-type: decimal; font-size: 11pt; font-family: Arial, sans-serif; color: rgb(0, 0, 0); background-color: transparent; font-variant-numeric: normal; font-variant-east-asian: normal; font-variant-alternates: normal; font-variant-position: normal; vertical-align: baseline; white-space: pre;\"><p dir=\"ltr\" role=\"presentation\" style=\"margin-top: 0pt; margin-bottom: 12pt; line-height: 1.38;\"><span style=\"font-size: 11pt; background-color: transparent; font-weight: 700; font-variant-numeric: normal; font-variant-east-asian: normal; font-variant-alternates: normal; font-variant-position: normal; vertical-align: baseline; text-wrap: wrap;\">Reduces Environmental Impact:</span><span style=\"font-size: 11pt; background-color: transparent; font-variant-numeric: normal; font-variant-east-asian: normal; font-variant-alternates: normal; font-variant-position: normal; vertical-align: baseline; text-wrap: wrap;\"> Sustainable fishing practices minimize the impact on habitats and non-target species, such as reducing bycatch and avoiding destructive fishing methods. This helps conserve marine biodiversity and reduce the overall environmental footprint of fishing activities.</span></p></li></ol><br style=\"color: rgb(13, 81, 137); font-family: Inter; font-size: 15px;\"><h2 dir=\"ltr\" ibm=\"\" plex=\"\" sans\",=\"\" sans-serif;=\"\" color:=\"\" rgb(40,=\"\" 47,=\"\" 83);\"=\"\" style=\"margin-top: 18pt; margin-bottom: 4pt; line-height: 1.38; font-size: 2rem; color: rgb(13, 81, 137); font-family: Inter;\"><span style=\"font-size: 13pt; font-family: Arial, sans-serif; color: rgb(0, 0, 0); background-color: transparent; font-weight: 700; font-variant-numeric: normal; font-variant-east-asian: normal; font-variant-alternates: normal; font-variant-position: normal; vertical-align: baseline; white-space-collapse: preserve;\">The Impact of Consumer Choices</span></h2><p dir=\"ltr\" style=\"margin-top: 12pt; margin-bottom: 12pt; color: rgb(13, 81, 137); font-family: Inter; font-size: 15px; line-height: 1.38;\"><span style=\"font-size: 11pt; font-family: Arial, sans-serif; color: rgb(0, 0, 0); background-color: transparent; font-variant-numeric: normal; font-variant-east-asian: normal; font-variant-alternates: normal; font-variant-position: normal; vertical-align: baseline; white-space-collapse: preserve;\">Consumer choices play a crucial role in driving the demand for sustainably sourced seafood. By making informed decisions about the seafood products we purchase and consume, we can support fisheries that adhere to sustainable fishing practices. Choosing seafood that is certified by reputable organizations can help promote responsible fishing practices and encourage the industry to prioritize sustainability. Consumers have the power to influence the market and drive positive change towards more sustainable fishing practices.</span></p><h2 dir=\"ltr\" ibm=\"\" plex=\"\" sans\",=\"\" sans-serif;=\"\" color:=\"\" rgb(40,=\"\" 47,=\"\" 83);\"=\"\" style=\"margin-top: 18pt; margin-bottom: 4pt; line-height: 1.38; font-size: 2rem; color: rgb(13, 81, 137); font-family: Inter;\"><span style=\"font-size: 13pt; font-family: Arial, sans-serif; color: rgb(0, 0, 0); background-color: transparent; font-weight: 700; font-variant-numeric: normal; font-variant-east-asian: normal; font-variant-alternates: normal; font-variant-position: normal; vertical-align: baseline; white-space-collapse: preserve;\">The Benefits of Sustainable Fishing</span></h2><p dir=\"ltr\" style=\"margin-top: 12pt; margin-bottom: 12pt; color: rgb(13, 81, 137); font-family: Inter; font-size: 15px; line-height: 1.38;\"><span style=\"font-size: 11pt; font-family: Arial, sans-serif; color: rgb(0, 0, 0); background-color: transparent; font-variant-numeric: normal; font-variant-east-asian: normal; font-variant-alternates: normal; font-variant-position: normal; vertical-align: baseline; white-space-collapse: preserve;\">Adopting sustainable fishing practices provides numerous benefits to both the environment and the fishing business. Sustainable fisheries help to maintain healthy fish populations, preserve marine biodiversity, and safeguard key ecosystems. Sustainable fishing practices benefit fishermen and coastal communities by guaranteeing the long-term survival of fish stocks, thereby contributing to economic stability and food security. Sustainable fishing also helps to conserve marine species, build ecosystem resilience, and improve the general health of marine ecosystems.&nbsp;&nbsp;</span></p><p dir=\"ltr\" style=\"margin-top: 12pt; margin-bottom: 12pt; color: rgb(13, 81, 137); font-family: Inter; font-size: 15px; line-height: 1.38;\"><span style=\"font-size: 11pt; font-family: Arial, sans-serif; color: rgb(0, 0, 0); background-color: transparent; font-variant-numeric: normal; font-variant-east-asian: normal; font-variant-alternates: normal; font-variant-position: normal; vertical-align: baseline; white-space-collapse: preserve;\">In conclusion, the importance of sustainable fishing practices cannot be overstated in the context of preserving the health and vitality of our oceans. Addressing the challenges of overfishing through sustainable practices is essential for ensuring the sustainability of fish populations and the well-being of marine ecosystems.&nbsp;</span></p><p dir=\"ltr\" style=\"margin-top: 12pt; margin-bottom: 12pt; color: rgb(13, 81, 137); font-family: Inter; font-size: 15px; line-height: 1.38;\"><span style=\"font-size: 11pt; font-family: Arial, sans-serif; color: rgb(0, 0, 0); background-color: transparent; font-variant-numeric: normal; font-variant-east-asian: normal; font-variant-alternates: normal; font-variant-position: normal; vertical-align: baseline; white-space-collapse: preserve;\">By making conscious choices as consumers and supporting sustainable fisheries, we can contribute to the protection of marine biodiversity, the conservation of fish stocks, and the sustainability of coastal communities. Together, we can work towards a more sustainable future for our oceans, where responsible fishing practices and environmental stewardship are prioritized for the benefit of all.</span></p><div><span style=\"font-size: 11pt; font-family: Arial, sans-serif; color: rgb(0, 0, 0); background-color: transparent; font-variant-numeric: normal; font-variant-east-asian: normal; font-variant-alternates: normal; font-variant-position: normal; vertical-align: baseline; white-space-collapse: preserve;\"><br></span></div>", "slug": "the-importance-of-sustainable-fishing-practices-how-your-choices-impact-the-ocean"}}, {"model": "company.blog", "pk": 2, "fields": {"created": "2025-05-16T06:51:26.344Z", "updated": "2025-05-16T07:35:50.533Z", "status": true, "title": "The Importance of Proper Seafood Handling and Storage: 10 Best Practices to Preserve Quality", "location": null, "date": "2024-03-15", "name": "Seafood Handling and Storage", "content": "<h5 style=\"margin-top: 25px; margin-bottom: 0.5rem; line-height: 1.5; font-size: 16px; color: rgb(13, 81, 137); font-family: Inter;\"><p dir=\"ltr\" style=\"margin-top: 0pt; margin-bottom: 0pt; line-height: 1.38;\"><span style=\"font-size: 11pt; font-family: Arial, sans-serif; color: rgb(0, 0, 0); background-color: transparent; font-variant-numeric: normal; font-variant-east-asian: normal; font-variant-alternates: normal; font-variant-position: normal; font-variant-emoji: normal; vertical-align: baseline; white-space-collapse: preserve;\">Seafood is a delicate and perishable food product that requires careful handling and storage to maintain its quality, freshness, and safety. Proper handling and storage practices are essential to prevent spoilage, maintain flavor, and ensure food safety. Here are 10 best practices to preserve the quality of seafood:</span></p><p style=\"margin-bottom: 1rem;\"><span id=\"docs-internal-guid-a2535b41-7fff-a9e6-4a92-76307d1d22be\"><br></span></p><p dir=\"ltr\" style=\"margin-top: 0pt; margin-bottom: 0pt; line-height: 1.38;\"><span style=\"font-size: 11pt; font-family: Arial, sans-serif; color: rgb(0, 0, 0); background-color: transparent; font-weight: 700; font-variant-numeric: normal; font-variant-east-asian: normal; font-variant-alternates: normal; font-variant-position: normal; font-variant-emoji: normal; vertical-align: baseline; white-space-collapse: preserve;\">Temperature Control: Ensuring Optimal Conditions</span></p><p dir=\"ltr\" style=\"margin-top: 0pt; margin-bottom: 0pt; line-height: 1.38;\"><span style=\"font-size: 11pt; font-family: Arial, sans-serif; color: rgb(0, 0, 0); background-color: transparent; font-variant-numeric: normal; font-variant-east-asian: normal; font-variant-alternates: normal; font-variant-position: normal; font-variant-emoji: normal; vertical-align: baseline; white-space-collapse: preserve;\">Maintaining the correct temperature is paramount in preserving the quality of seafood. Seafood is highly perishable and susceptible to bacterial growth, especially in temperatures above 40 F (4 C). Therefore, it's essential to store seafood in refrigerators set at 32 F to 38 F (0 C to 3.3 C) or in freezers at 0 F (-18 C) or below.</span></p><p style=\"margin-bottom: 1rem;\"><br></p><p dir=\"ltr\" style=\"margin-top: 0pt; margin-bottom: 0pt; line-height: 1.38;\"><span style=\"font-size: 11pt; font-family: Arial, sans-serif; color: rgb(0, 0, 0); background-color: transparent; font-weight: 700; font-variant-numeric: normal; font-variant-east-asian: normal; font-variant-alternates: normal; font-variant-position: normal; font-variant-emoji: normal; vertical-align: baseline; white-space-collapse: preserve;\">Hygiene and Cleanliness: Preventing Contamination</span></p><p dir=\"ltr\" style=\"margin-top: 0pt; margin-bottom: 0pt; line-height: 1.38;\"><span style=\"font-size: 11pt; font-family: Arial, sans-serif; color: rgb(0, 0, 0); background-color: transparent; font-variant-numeric: normal; font-variant-east-asian: normal; font-variant-alternates: normal; font-variant-position: normal; font-variant-emoji: normal; vertical-align: baseline; white-space-collapse: preserve;\">Proper hygiene and cleanliness play a crucial role in seafood handling. It's imperative to wash hands, utensils, and surfaces thoroughly with hot, soapy water before and after handling seafood to prevent cross-contamination. Additionally, separate cutting boards should be used for raw seafood to avoid contaminating cooked foods.</span></p><p style=\"margin-bottom: 1rem;\"><br></p><p dir=\"ltr\" style=\"margin-top: 0pt; margin-bottom: 0pt; line-height: 1.38;\"><span style=\"font-size: 11pt; font-family: Arial, sans-serif; color: rgb(0, 0, 0); background-color: transparent; font-weight: 700; font-variant-numeric: normal; font-variant-east-asian: normal; font-variant-alternates: normal; font-variant-position: normal; font-variant-emoji: normal; vertical-align: baseline; white-space-collapse: preserve;\">Quick Chilling: Preserving Freshness</span></p><p dir=\"ltr\" style=\"margin-top: 0pt; margin-bottom: 0pt; line-height: 1.38;\"><span style=\"font-size: 11pt; font-family: Arial, sans-serif; color: rgb(0, 0, 0); background-color: transparent; font-variant-numeric: normal; font-variant-east-asian: normal; font-variant-alternates: normal; font-variant-position: normal; font-variant-emoji: normal; vertical-align: baseline; white-space-collapse: preserve;\">Immediately after catching seafood, it should be chilled promptly to maintain its freshness. Quick chilling slows down bacterial growth and enzymatic activity, preserving the seafood's quality. Ideally, seafood should be placed on a bed of ice in a shallow pan and stored in the refrigerator or cooler immediately.</span></p><p style=\"margin-bottom: 1rem;\"><br></p><p dir=\"ltr\" style=\"margin-top: 0pt; margin-bottom: 0pt; line-height: 1.38;\"><span style=\"font-size: 11pt; font-family: Arial, sans-serif; color: rgb(0, 0, 0); background-color: transparent; font-weight: 700; font-variant-numeric: normal; font-variant-east-asian: normal; font-variant-alternates: normal; font-variant-position: normal; font-variant-emoji: normal; vertical-align: baseline; white-space-collapse: preserve;\">Avoid Cross-Contamination: Separation is Key</span></p><p dir=\"ltr\" style=\"margin-top: 0pt; margin-bottom: 0pt; line-height: 1.38;\"><span style=\"font-size: 11pt; font-family: Arial, sans-serif; color: rgb(0, 0, 0); background-color: transparent; font-variant-numeric: normal; font-variant-east-asian: normal; font-variant-alternates: normal; font-variant-position: normal; font-variant-emoji: normal; vertical-align: baseline; white-space-collapse: preserve;\">Cross-contamination occurs when harmful bacteria from one food item are transferred to another. To prevent this, seafood should be stored separately from other foods, especially those that are ready-to-eat. Raw seafood should be kept on the bottom shelf of the refrigerator to prevent drips from contaminating other foods.</span></p><p style=\"margin-bottom: 1rem;\"><br></p><p dir=\"ltr\" style=\"margin-top: 0pt; margin-bottom: 0pt; line-height: 1.38;\"><span style=\"font-size: 11pt; font-family: Arial, sans-serif; color: rgb(0, 0, 0); background-color: transparent; font-weight: 700; font-variant-numeric: normal; font-variant-east-asian: normal; font-variant-alternates: normal; font-variant-position: normal; font-variant-emoji: normal; vertical-align: baseline; white-space-collapse: preserve;\">Proper Packaging: Sealing in Freshness</span></p><p dir=\"ltr\" style=\"margin-top: 0pt; margin-bottom: 0pt; line-height: 1.38;\"><span style=\"font-size: 11pt; font-family: Arial, sans-serif; color: rgb(0, 0, 0); background-color: transparent; font-variant-numeric: normal; font-variant-east-asian: normal; font-variant-alternates: normal; font-variant-position: normal; font-variant-emoji: normal; vertical-align: baseline; white-space-collapse: preserve;\">Proper packaging helps extend the shelf life of seafood by protecting it from exposure to air and moisture. Vacuum-sealed bags or airtight containers are ideal for storing seafood in the refrigerator or freezer. Additionally, wrapping seafood tightly in plastic wrap before refrigeration can help maintain its quality.</span></p><p style=\"margin-bottom: 1rem;\"><br></p><p dir=\"ltr\" style=\"margin-top: 0pt; margin-bottom: 0pt; line-height: 1.38;\"><span style=\"font-size: 11pt; font-family: Arial, sans-serif; color: rgb(0, 0, 0); background-color: transparent; font-weight: 700; font-variant-numeric: normal; font-variant-east-asian: normal; font-variant-alternates: normal; font-variant-position: normal; font-variant-emoji: normal; vertical-align: baseline; white-space-collapse: preserve;\">Use of Ice: Maintaining Cold Temperatures</span></p><p dir=\"ltr\" style=\"margin-top: 0pt; margin-bottom: 0pt; line-height: 1.38;\"><span style=\"font-size: 11pt; font-family: Arial, sans-serif; color: rgb(0, 0, 0); background-color: transparent; font-variant-numeric: normal; font-variant-east-asian: normal; font-variant-alternates: normal; font-variant-position: normal; font-variant-emoji: normal; vertical-align: baseline; white-space-collapse: preserve;\">Ice plays a crucial role in preserving seafood quality during transportation and storage. Surrounding seafood with ice or gel packs helps maintain cold temperatures, preventing bacterial growth and spoilage. When transporting seafood, it's essential to use insulated coolers to ensure that it remains chilled.</span></p><p style=\"margin-bottom: 1rem;\"><br></p><p dir=\"ltr\" style=\"margin-top: 0pt; margin-bottom: 0pt; line-height: 1.38;\"><span style=\"font-size: 11pt; font-family: Arial, sans-serif; color: rgb(0, 0, 0); background-color: transparent; font-weight: 700; font-variant-numeric: normal; font-variant-east-asian: normal; font-variant-alternates: normal; font-variant-position: normal; font-variant-emoji: normal; vertical-align: baseline; white-space-collapse: preserve;\">Storage in Refrigerator or Freezer: Extending Shelf Life</span></p><p dir=\"ltr\" style=\"margin-top: 0pt; margin-bottom: 0pt; line-height: 1.38;\"><span style=\"font-size: 11pt; font-family: Arial, sans-serif; color: rgb(0, 0, 0); background-color: transparent; font-variant-numeric: normal; font-variant-east-asian: normal; font-variant-alternates: normal; font-variant-position: normal; font-variant-emoji: normal; vertical-align: baseline; white-space-collapse: preserve;\">Proper storage is essential for extending the shelf life of seafood. In the refrigerator, seafood should be stored in the coldest part, typically the back of the bottom shelf. For longer-term storage, seafood can be frozen, but it's essential to package it properly to prevent freezer burn.</span></p><p style=\"margin-bottom: 1rem;\"><br></p><p dir=\"ltr\" style=\"margin-top: 0pt; margin-bottom: 0pt; line-height: 1.38;\"><span style=\"font-size: 11pt; font-family: Arial, sans-serif; color: rgb(0, 0, 0); background-color: transparent; font-weight: 700; font-variant-numeric: normal; font-variant-east-asian: normal; font-variant-alternates: normal; font-variant-position: normal; font-variant-emoji: normal; vertical-align: baseline; white-space-collapse: preserve;\">Regular Inspection: Monitoring for Spoilage</span></p><p dir=\"ltr\" style=\"margin-top: 0pt; margin-bottom: 0pt; line-height: 1.38;\"><span style=\"font-size: 11pt; font-family: Arial, sans-serif; color: rgb(0, 0, 0); background-color: transparent; font-variant-numeric: normal; font-variant-east-asian: normal; font-variant-alternates: normal; font-variant-position: normal; font-variant-emoji: normal; vertical-align: baseline; white-space-collapse: preserve;\">Regular inspection of seafood is vital for identifying signs of spoilage. Spoiled seafood may exhibit off-odors, slimy texture, or discoloration. If any of these signs are present, the seafood should be discarded immediately to prevent foodborne illness.</span></p><p style=\"margin-bottom: 1rem;\"><br></p><p dir=\"ltr\" style=\"margin-top: 0pt; margin-bottom: 0pt; line-height: 1.38;\"><span style=\"font-size: 11pt; font-family: Arial, sans-serif; color: rgb(0, 0, 0); background-color: transparent; font-weight: 700; font-variant-numeric: normal; font-variant-east-asian: normal; font-variant-alternates: normal; font-variant-position: normal; font-variant-emoji: normal; vertical-align: baseline; white-space-collapse: preserve;\">Labeling: Organizing and Identifying</span></p><p dir=\"ltr\" style=\"margin-top: 0pt; margin-bottom: 0pt; line-height: 1.38;\"><span style=\"font-size: 11pt; font-family: Arial, sans-serif; color: rgb(0, 0, 0); background-color: transparent; font-variant-numeric: normal; font-variant-east-asian: normal; font-variant-alternates: normal; font-variant-position: normal; font-variant-emoji: normal; vertical-align: baseline; white-space-collapse: preserve;\">Labeling seafood with the date of purchase or catch helps ensure proper rotation and prevents the consumption of expired seafood. Clear labeling also aids in organizing the refrigerator or freezer, making it easier to identify different types of seafood.</span></p><p style=\"margin-bottom: 1rem;\"><br></p><p dir=\"ltr\" style=\"margin-top: 0pt; margin-bottom: 0pt; line-height: 1.38;\"><span style=\"font-size: 11pt; font-family: Arial, sans-serif; color: rgb(0, 0, 0); background-color: transparent; font-weight: 700; font-variant-numeric: normal; font-variant-east-asian: normal; font-variant-alternates: normal; font-variant-position: normal; font-variant-emoji: normal; vertical-align: baseline; white-space-collapse: preserve;\">Rotation of Stock: FIFO and FEFO Methods</span></p><p dir=\"ltr\" style=\"margin-top: 0pt; margin-bottom: 0pt; line-height: 1.38;\"><span style=\"font-size: 11pt; font-family: Arial, sans-serif; color: rgb(0, 0, 0); background-color: transparent; font-variant-numeric: normal; font-variant-east-asian: normal; font-variant-alternates: normal; font-variant-position: normal; font-variant-emoji: normal; vertical-align: baseline; white-space-collapse: preserve;\">The FIFO (first in, first out) method should be employed when storing seafood to ensure that older products are used before newer ones. This practice helps minimize food waste and ensures that seafood is consumed at its peak freshness. This Practice is suitable for locally procured products.</span></p><p dir=\"ltr\" style=\"margin-top: 0pt; margin-bottom: 0pt; line-height: 1.38;\"><span style=\"font-size: 11pt; font-family: Arial, sans-serif; color: rgb(0, 0, 0); background-color: transparent; font-variant-numeric: normal; font-variant-east-asian: normal; font-variant-alternates: normal; font-variant-position: normal; font-variant-emoji: normal; vertical-align: baseline; white-space-collapse: preserve;\"><br></span></p><p dir=\"ltr\" style=\"margin-top: 0pt; margin-bottom: 0pt; line-height: 1.38;\"><span style=\"font-size: 11pt; font-family: Arial, sans-serif; color: rgb(0, 0, 0); background-color: transparent; font-variant-numeric: normal; font-variant-east-asian: normal; font-variant-alternates: normal; font-variant-position: normal; font-variant-emoji: normal; vertical-align: baseline; white-space-collapse: preserve;\">The FEFO (First Expired, First Out) method is a crucial inventory management practice in the seafood industry. It ensures that the oldest products, those closest to their expiration date, are used or sold first. This practice is usually carried out for imported products <br></span></p><p style=\"margin-bottom: 1rem;\"><span style=\"background-color: transparent; color: rgb(0, 0, 0); font-family: Arial, sans-serif; font-size: 11pt; white-space-collapse: preserve;\"><br></span></p><p style=\"margin-bottom: 1rem;\"><span style=\"background-color: transparent; color: rgb(0, 0, 0); font-family: Arial, sans-serif; font-size: 11pt; white-space-collapse: preserve;\">In conclusion, proper seafood handling and storage are essential for preserving quality and ensuring food safety. By following the 10 best practices outlined above, you can enjoy fresh, flavorful seafood while minimizing the risk of foodborne illness.</span><br></p><p style=\"margin-bottom: 1rem;\"><br></p></h5>", "slug": "the-importance-of-proper-seafood-handling-and-storage-10-best-practices-to-preserve-quality"}}, {"model": "company.blogimage", "pk": 1, "fields": {"created": "2025-05-16T06:34:49.686Z", "updated": "2025-05-16T06:34:49.686Z", "image": "blogimage/55127f51-c211-4f79-8b79-0bd4d734d210.png", "image_alt": "The Importance of Sustainable Fishing Practices: How Your Choices Impact the Ocean", "blog": 1}}, {"model": "company.blogimage", "pk": 2, "fields": {"created": "2025-05-16T06:51:26.359Z", "updated": "2025-05-16T06:51:26.359Z", "image": "blogimage/cab68040-537f-4fb8-be52-a835530755be.png", "image_alt": "The Importance of Proper Seafood Handling and Storage: 10 Best Practices to Preserve Quality", "blog": 2}}, {"model": "accounts.user", "pk": 1, "fields": {"password": "pbkdf2_sha256$1000000$XjyjMonPRx4CyewWmGlh5j$osJdVRDUfs3lMZLeyOLOLwL5fuazd8q097sM+AUU0YM=", "last_login": "2025-05-15T05:47:11.998Z", "is_superuser": true, "username": "sinan", "first_name": "", "last_name": "", "email": "", "is_staff": true, "is_active": true, "date_joined": "2025-05-15T05:46:55.207Z", "user_type": "", "phone_number": null, "address": null, "groups": [], "user_permissions": []}}, {"model": "accounts.user", "pk": 2, "fields": {"password": "pbkdf2_sha256$1000000$Ud7QNVR1PMophlrMpJWLmW$EMig+XMu7Rnyqj82l4LW0auT5R9pLo296MA7qfMycIg=", "last_login": "2025-05-16T04:26:34.328Z", "is_superuser": true, "username": "admin", "first_name": "", "last_name": "", "email": "", "is_staff": true, "is_active": true, "date_joined": "2025-05-15T13:36:59.187Z", "user_type": "", "phone_number": null, "address": null, "groups": [], "user_permissions": []}}, {"model": "products.category", "pk": 1, "fields": {"created": "2025-05-15T05:51:01.664Z", "updated": "2025-05-15T05:51:01.664Z", "image": "", "image_alt": null, "status": true, "brand": null, "sequence": 1, "name": "Value Added"}}, {"model": "products.category", "pk": 2, "fields": {"created": "2025-05-15T06:07:01.035Z", "updated": "2025-05-15T06:07:01.035Z", "image": "", "image_alt": null, "status": true, "brand": null, "sequence": 0, "name": "Fresh"}}, {"model": "products.category", "pk": 3, "fields": {"created": "2025-05-15T06:08:57.998Z", "updated": "2025-05-15T06:08:57.998Z", "image": "", "image_alt": null, "status": true, "brand": null, "sequence": 0, "name": "Frozen"}}, {"model": "products.category", "pk": 4, "fields": {"created": "2025-05-15T08:12:57.481Z", "updated": "2025-05-15T08:12:57.481Z", "image": "", "image_alt": null, "status": true, "brand": null, "sequence": 0, "name": "Live"}}, {"model": "products.product", "pk": 1, "fields": {"created": "2025-05-15T05:50:05.208Z", "updated": "2025-05-15T08:16:52.332Z", "image": "product/009a08b3-40a6-49c5-b3a2-09b2f940b1c9.jpg", "image_alt": "Breaded Fish Fillet Formed", "status": true, "name": "Breaded Fish Fillet Formed", "homepage": true, "sequence": 10, "type": "value added", "slug": "breaded-fish-fillet-formed"}}, {"model": "products.product", "pk": 2, "fields": {"created": "2025-05-15T05:59:18.034Z", "updated": "2025-05-15T08:16:57.172Z", "image": "product/878a08e2-162c-40af-883d-438c79be762a.png", "image_alt": "Cooked Whole Mussels", "status": true, "name": "Cooked Whole Mussels", "homepage": true, "sequence": 9, "type": "imported", "slug": "cooked-whole-mussels"}}, {"model": "products.product", "pk": 3, "fields": {"created": "2025-05-15T06:05:03.375Z", "updated": "2025-05-15T08:17:03.071Z", "image": "product/14c8eace-c6c3-40df-9669-a4fc385ae47e.jpg", "image_alt": "Sea Bream", "status": true, "name": "Sea Bream", "homepage": true, "sequence": 8, "type": "imported", "slug": "sea-bream"}}, {"model": "products.product", "pk": 4, "fields": {"created": "2025-05-15T06:41:37.106Z", "updated": "2025-05-15T06:41:40.114Z", "image": "product/27177af6-8ce1-426e-a79f-4459c83ba3fd.jpg", "image_alt": "Black Pomfret", "status": true, "name": "Black Pomfret", "homepage": true, "sequence": 6, "type": "local catch", "slug": "black-pomfret"}}, {"model": "products.product", "pk": 5, "fields": {"created": "2025-05-15T06:55:08.974Z", "updated": "2025-05-15T06:55:13.989Z", "image": "product/c7d0f534-79dd-42fe-a757-97b29f5a29b9.jpg", "image_alt": "Cooked Octopus Tentacles", "status": true, "name": "Cooked Octopus Tentacles", "homepage": true, "sequence": 5, "type": "imported", "slug": "cooked-octopus-tentacles"}}, {"model": "products.product", "pk": 6, "fields": {"created": "2025-05-15T06:59:51.476Z", "updated": "2025-05-15T07:00:42.570Z", "image": "product/e9baad2b-9ac5-4c7a-ad25-2b2045afd6d3.jpg", "image_alt": "Breaded Squid Ring", "status": true, "name": "Breaded Squid Ring", "homepage": true, "sequence": 4, "type": "value added", "slug": "breaded-squid-ring"}}, {"model": "products.product", "pk": 7, "fields": {"created": "2025-05-15T07:48:35.394Z", "updated": "2025-05-15T07:49:03.069Z", "image": "product/ab314e92-0e4f-46d1-8ce7-cd51e57a4b9c.jpg", "image_alt": "Crab Stick", "status": true, "name": "Crab Stick", "homepage": true, "sequence": 3, "type": "imported", "slug": "crab-stick"}}, {"model": "products.product", "pk": 8, "fields": {"created": "2025-05-15T07:53:07.243Z", "updated": "2025-05-15T07:54:47.959Z", "image": "product/5ac83fff-c33d-4460-94a5-49626740c57c.jpg", "image_alt": "King Fish Steak", "status": true, "name": "King Fish Steak", "homepage": true, "sequence": 2, "type": "imported", "slug": "king-fish-steak"}}, {"model": "products.product", "pk": 9, "fields": {"created": "2025-05-15T07:58:19.291Z", "updated": "2025-05-15T07:58:25.399Z", "image": "product/9c23b70b-157d-4395-9c5d-e4599b2f288c.jpg", "image_alt": "Seafood Mix", "status": true, "name": "Seafood Mix", "homepage": true, "sequence": 1, "type": "value added", "slug": "seafood-mix"}}, {"model": "products.product", "pk": 10, "fields": {"created": "2025-05-15T08:13:32.245Z", "updated": "2025-05-15T08:17:09.143Z", "image": "product/8c67261f-7b39-4782-b90e-709922efc302.jpg", "image_alt": "Razor Clams", "status": true, "name": "Razor Clams", "homepage": false, "sequence": 7, "type": "imported", "slug": "razor-clams"}}, {"model": "products.product", "pk": 11, "fields": {"created": "2025-05-15T08:19:03.334Z", "updated": "2025-05-15T08:19:03.334Z", "image": "product/f013d415-98e0-49f2-82bd-798c4268976c.jpg", "image_alt": "Breaded Fish Fillet Natural", "status": true, "name": "Breaded Fish Fillet Natural", "homepage": false, "sequence": 11, "type": "value added", "slug": "breaded-fish-fillet-natural"}}, {"model": "products.product", "pk": 12, "fields": {"created": "2025-05-15T08:34:20.412Z", "updated": "2025-05-15T08:34:20.412Z", "image": "product/2fb78d2b-b0e4-42a8-85c0-140909507039.png", "image_alt": "Breaded Torpedo Shrimps", "status": true, "name": "Breaded Torpedo Shrimps", "homepage": false, "sequence": 12, "type": "value added", "slug": "breaded-torpedo-shrimps"}}, {"model": "products.product", "pk": 14, "fields": {"created": "2025-05-15T08:37:41.341Z", "updated": "2025-05-15T08:37:41.341Z", "image": "product/10d09b4d-6ab5-4522-b18c-f8581f981108.jpg", "image_alt": "Breaded Butterfly Shrimps", "status": true, "name": "Breaded Butterfly Shrimps", "homepage": false, "sequence": 13, "type": "value added", "slug": "breaded-butterfly-shrimps"}}, {"model": "products.product", "pk": 15, "fields": {"created": "2025-05-15T09:01:43.372Z", "updated": "2025-05-15T09:01:43.372Z", "image": "product/644765ad-b280-477a-8faa-c85aab51c5bd.png", "image_alt": "Emperor (Sheri)", "status": true, "name": "Emperor (Sheri)", "homepage": false, "sequence": 14, "type": "local catch", "slug": "emperor-sheri"}}, {"model": "products.product", "pk": 16, "fields": {"created": "2025-05-15T09:08:45.301Z", "updated": "2025-05-15T09:08:45.301Z", "image": "product/9c72c14c-f563-4afa-89da-06876b0d17a1.jpg", "image_alt": "Argentinian Red Shrimps", "status": true, "name": "Argentinian Red Shrimps", "homepage": false, "sequence": 15, "type": "imported", "slug": "argentinian-red-shrimps"}}, {"model": "products.product", "pk": 17, "fields": {"created": "2025-05-15T09:13:33.827Z", "updated": "2025-05-15T09:13:33.827Z", "image": "product/e5b9c106-78ac-451b-831d-8b718ecf05da.jpg", "image_alt": "White Pomfret", "status": true, "name": "White Pomfret", "homepage": false, "sequence": 16, "type": "imported", "slug": "white-pomfret"}}, {"model": "products.product", "pk": 18, "fields": {"created": "2025-05-15T09:22:17.390Z", "updated": "2025-05-15T09:22:55.588Z", "image": "product/16cddf92-114a-444d-9ac1-8f5938fb0dfb.jpg", "image_alt": "Atlantic COD", "status": true, "name": "Atlantic COD", "homepage": false, "sequence": 17, "type": "imported", "slug": "atlantic-cod"}}, {"model": "products.product", "pk": 19, "fields": {"created": "2025-05-15T09:24:48.259Z", "updated": "2025-05-15T09:24:48.259Z", "image": "product/4ddebe8a-7a56-4cdb-be47-0c9805ad6e8b.jpg", "image_alt": "Sand Lobster", "status": true, "name": "Sand Lobster", "homepage": false, "sequence": 18, "type": "imported", "slug": "sand-lobster"}}, {"model": "products.product", "pk": 20, "fields": {"created": "2025-05-15T09:28:02.561Z", "updated": "2025-05-15T09:28:02.561Z", "image": "product/0245a798-68d0-41ea-a621-f9b7e32537e3.jpg", "image_alt": "Black Cod H/L Gutted", "status": true, "name": "Black Cod H/L Gutted", "homepage": false, "sequence": 19, "type": "imported", "slug": "black-cod-hl-gutted"}}, {"model": "products.product", "pk": 21, "fields": {"created": "2025-05-15T09:30:55.383Z", "updated": "2025-05-15T09:30:55.383Z", "image": "product/5c9dee3c-de78-4929-bf3b-2115c927ba41.jpg", "image_alt": "King Crab Cluster", "status": true, "name": "King Crab Cluster", "homepage": false, "sequence": 20, "type": "imported", "slug": "king-crab-cluster"}}, {"model": "products.product", "pk": 22, "fields": {"created": "2025-05-15T09:32:30.781Z", "updated": "2025-05-15T09:33:40.421Z", "image": "product/bbedb347-7768-4edd-91d3-ffbd7f8e37c9.png", "image_alt": "Yellow Tail Hamachi", "status": true, "name": "Yellow Tail Hamachi", "homepage": false, "sequence": 21, "type": "imported", "slug": "yellow-tail-hamachi"}}, {"model": "products.product", "pk": 23, "fields": {"created": "2025-05-15T09:36:40.319Z", "updated": "2025-05-15T09:36:40.319Z", "image": "product/6ff6c0b5-6bd2-4fc4-968e-bdd11e3cc691.png", "image_alt": "Hamour Whole", "status": true, "name": "Hamour Whole", "homepage": false, "sequence": 22, "type": "local catch", "slug": "hamour-whole"}}, {"model": "products.product", "pk": 24, "fields": {"created": "2025-05-15T10:06:17.825Z", "updated": "2025-05-15T10:06:17.825Z", "image": "product/f0cf807a-81df-4963-b444-cca87b397dc3.png", "image_alt": "King Fish", "status": true, "name": "King Fish", "homepage": false, "sequence": 23, "type": "local catch", "slug": "king-fish"}}, {"model": "products.product", "pk": 25, "fields": {"created": "2025-05-15T10:14:43.277Z", "updated": "2025-05-15T10:14:43.277Z", "image": "product/0b7c52b4-4ba8-4b9c-a861-f6a7a087be7b.png", "image_alt": "King Fish Whole", "status": true, "name": "King Fish Whole", "homepage": false, "sequence": 24, "type": "local catch", "slug": "king-fish-whole"}}, {"model": "products.product", "pk": 26, "fields": {"created": "2025-05-15T10:16:44.969Z", "updated": "2025-05-15T10:16:44.969Z", "image": "product/dc2d6593-4e17-4d8b-b83d-3fe3d223369d.png", "image_alt": "Red Snapper Whole", "status": true, "name": "Red Snapper Whole", "homepage": false, "sequence": 25, "type": "local catch", "slug": "red-snapper-whole"}}, {"model": "products.product", "pk": 27, "fields": {"created": "2025-05-15T10:19:07.697Z", "updated": "2025-05-15T10:19:07.697Z", "image": "product/cb7ddea1-bfd5-4102-a4b0-24967b2ad418.png", "image_alt": "Shrimps H On Black Tiger", "status": true, "name": "Shrimps H On Black Tiger", "homepage": false, "sequence": 26, "type": "imported", "slug": "shrimps-h-on-black-tiger"}}, {"model": "products.product", "pk": 28, "fields": {"created": "2025-05-15T10:20:47.208Z", "updated": "2025-05-15T10:20:47.208Z", "image": "product/f23ae262-e90d-4b36-bf3c-4823a021e89c.png", "image_alt": "Shrimps PD Vannamai", "status": true, "name": "Shrimps PD Vannamai", "homepage": false, "sequence": 27, "type": "imported", "slug": "shrimps-pd-vannamai"}}, {"model": "products.product", "pk": 29, "fields": {"created": "2025-05-15T10:31:54.211Z", "updated": "2025-05-15T10:31:54.211Z", "image": "product/6c2d5f24-03df-4198-b281-3d0296890203.png", "image_alt": "Tilapia Fillet", "status": true, "name": "Tilapia Fillet", "homepage": false, "sequence": 28, "type": "local catch", "slug": "tilapia-fillet"}}, {"model": "products.product", "pk": 30, "fields": {"created": "2025-05-15T10:36:26.030Z", "updated": "2025-05-15T10:36:26.030Z", "image": "product/6e316948-f4cd-4ba7-9422-62cd7b6be71e.png", "image_alt": "Tobiko (Fying Fish Roe)", "status": true, "name": "Tobiko (Fying Fish Roe)", "homepage": false, "sequence": 29, "type": "value added", "slug": "tobiko-fying-fish-roe"}}, {"model": "products.product", "pk": 31, "fields": {"created": "2025-05-15T10:38:30.397Z", "updated": "2025-05-15T10:38:30.397Z", "image": "product/c49c7156-cb00-4cb2-9045-a6bb36981959.png", "image_alt": "Halibut", "status": true, "name": "Halibut", "homepage": false, "sequence": 30, "type": "imported", "slug": "halibut"}}, {"model": "products.product", "pk": 32, "fields": {"created": "2025-05-15T10:40:34.276Z", "updated": "2025-05-15T10:40:34.276Z", "image": "product/928edd2e-5722-4968-8364-08cfebe1ffd1.png", "image_alt": "Oysters", "status": true, "name": "Oysters", "homepage": false, "sequence": 31, "type": "imported", "slug": "oysters"}}, {"model": "products.product", "pk": 33, "fields": {"created": "2025-05-15T10:42:27.887Z", "updated": "2025-05-15T10:42:27.887Z", "image": "product/da310d15-5e91-4bd3-949a-acbd0885ab33.png", "image_alt": "Squid Ring", "status": true, "name": "Squid Ring", "homepage": false, "sequence": 32, "type": "value added", "slug": "squid-ring"}}, {"model": "products.product", "pk": 34, "fields": {"created": "2025-05-15T10:43:47.501Z", "updated": "2025-05-15T10:43:47.501Z", "image": "product/ee87c4be-60a2-4f2d-904e-db304b175b54.png", "image_alt": "Barramundi", "status": true, "name": "Barramundi", "homepage": false, "sequence": 33, "type": "local catch", "slug": "barramundi"}}, {"model": "products.product", "pk": 35, "fields": {"created": "2025-05-15T10:46:06.440Z", "updated": "2025-05-15T10:46:06.440Z", "image": "product/6904eca3-2627-4050-9a70-f4ff1b6903d3.png", "image_alt": "Blue Crab", "status": true, "name": "Blue Crab", "homepage": false, "sequence": 34, "type": "imported", "slug": "blue-crab"}}, {"model": "products.product", "pk": 36, "fields": {"created": "2025-05-15T11:01:50.493Z", "updated": "2025-05-15T11:01:50.493Z", "image": "product/0c867ae4-0cfa-4c91-9b87-1824eaada34c.png", "image_alt": "Octopus", "status": true, "name": "Octopus", "homepage": false, "sequence": 35, "type": "imported", "slug": "octopus"}}, {"model": "products.product", "pk": 37, "fields": {"created": "2025-05-15T11:04:07.889Z", "updated": "2025-05-15T11:04:07.889Z", "image": "product/e94f5bff-14be-486c-b538-0d847c519e6f.png", "image_alt": "Smoked Eel Fish Fillet", "status": true, "name": "Smoked Eel Fish Fillet", "homepage": false, "sequence": 36, "type": "value added", "slug": "smoked-eel-fish-fillet"}}, {"model": "products.product", "pk": 38, "fields": {"created": "2025-05-15T11:05:35.826Z", "updated": "2025-05-15T11:05:35.826Z", "image": "product/346d6b96-c749-41ef-8f03-5b8f7db3284f.png", "image_alt": "Smoked Mackeral", "status": true, "name": "Smoked Mackeral", "homepage": false, "sequence": 37, "type": "value added", "slug": "smoked-mackeral"}}, {"model": "products.product", "pk": 39, "fields": {"created": "2025-05-15T11:07:12.781Z", "updated": "2025-05-15T11:07:12.781Z", "image": "product/dcc2efac-c6cb-4613-bbfc-49b4f298d3aa.png", "image_alt": "Monk fish", "status": true, "name": "Monk fish", "homepage": false, "sequence": 38, "type": "imported", "slug": "monk-fish"}}, {"model": "products.product", "pk": 40, "fields": {"created": "2025-05-15T11:09:53.118Z", "updated": "2025-05-15T11:09:53.118Z", "image": "product/cb5fd6ba-c192-4e6b-a529-8b4b806c5466.png", "image_alt": "Langoustines", "status": true, "name": "Langoustines", "homepage": false, "sequence": 38, "type": "imported", "slug": "langoustines"}}, {"model": "products.product", "pk": 41, "fields": {"created": "2025-05-15T11:13:44.622Z", "updated": "2025-05-15T11:13:44.622Z", "image": "product/37488f4d-522a-4e9d-8bcf-bcb6760ba3e1.png", "image_alt": "Turbot Wild / Farmed", "status": true, "name": "Turbot Wild / Farmed", "homepage": false, "sequence": 40, "type": "imported", "slug": "turbot-wild-farmed"}}, {"model": "products.product", "pk": 42, "fields": {"created": "2025-05-15T11:16:27.192Z", "updated": "2025-05-15T11:16:27.192Z", "image": "product/c6616fb6-7ce5-4bb2-b2e1-f8eee84ae8bb.png", "image_alt": "Squid", "status": true, "name": "Squid", "homepage": false, "sequence": 41, "type": "imported", "slug": "squid"}}, {"model": "products.product", "pk": 43, "fields": {"created": "2025-05-15T11:18:20.488Z", "updated": "2025-05-15T11:18:20.488Z", "image": "product/1bcaac7b-28b1-424b-a92d-7dada7e2f619.png", "image_alt": "Flounder Whole", "status": true, "name": "Flounder Whole", "homepage": false, "sequence": 42, "type": "imported", "slug": "flounder-whole"}}, {"model": "products.product", "pk": 44, "fields": {"created": "2025-05-15T11:20:06.551Z", "updated": "2025-05-15T11:20:06.551Z", "image": "product/a0603dda-c401-4144-a485-363b7c22d288.png", "image_alt": "Vongole Clams", "status": true, "name": "Vongole Clams", "homepage": false, "sequence": 43, "type": "imported", "slug": "vongole-clams"}}, {"model": "products.product", "pk": 45, "fields": {"created": "2025-05-15T11:21:21.767Z", "updated": "2025-05-15T11:21:21.767Z", "image": "product/cc5e4814-44ba-4440-91a9-87d198169c14.png", "image_alt": "Carpet Shell Clams", "status": true, "name": "Carpet Shell Clams", "homepage": false, "sequence": 44, "type": "imported", "slug": "carpet-shell-clams"}}, {"model": "products.product", "pk": 46, "fields": {"created": "2025-05-15T11:22:40.048Z", "updated": "2025-05-15T11:22:40.048Z", "image": "product/9654a064-d644-4f6f-9691-427d7ed49320.png", "image_alt": "Brown Crab", "status": true, "name": "Brown Crab", "homepage": false, "sequence": 46, "type": "imported", "slug": "brown-crab"}}, {"model": "products.product", "pk": 47, "fields": {"created": "2025-05-15T11:24:34.869Z", "updated": "2025-05-15T11:24:34.869Z", "image": "product/2331197f-6bfa-4db4-b7b8-ad4b909af61e.png", "image_alt": "Blue Lobster", "status": true, "name": "Blue Lobster", "homepage": false, "sequence": 47, "type": "imported", "slug": "blue-lobster"}}, {"model": "products.product", "pk": 48, "fields": {"created": "2025-05-15T11:31:36.507Z", "updated": "2025-05-15T11:31:36.507Z", "image": "product/6dc2be92-ede4-405e-bed4-a148b412c3e5.png", "image_alt": "Mud Crab", "status": true, "name": "Mud Crab", "homepage": false, "sequence": 47, "type": "imported", "slug": "mud-crab"}}, {"model": "products.product", "pk": 49, "fields": {"created": "2025-05-15T12:09:37.427Z", "updated": "2025-05-15T12:09:37.427Z", "image": "product/ea7cbdf6-c066-4001-9fde-b099890f2e3e.png", "image_alt": "Mussels", "status": true, "name": "Mussels", "homepage": false, "sequence": 48, "type": "imported", "slug": "mussels"}}, {"model": "products.product", "pk": 50, "fields": {"created": "2025-05-15T12:16:44.199Z", "updated": "2025-05-15T12:16:44.199Z", "image": "product/6502135c-6b1b-4fec-bb11-4e3110489b53.png", "image_alt": "Canadian Lobster", "status": true, "name": "Canadian Lobster", "homepage": false, "sequence": 49, "type": "imported", "slug": "canadian-lobster"}}, {"model": "products.subcategory", "pk": 1, "fields": {"created": "2025-05-15T05:51:22.507Z", "updated": "2025-05-15T06:43:33.596Z", "status": true, "name": "PREPPER FOOD"}}, {"model": "products.subcategory", "pk": 2, "fields": {"created": "2025-05-15T06:00:18.935Z", "updated": "2025-05-15T06:00:18.935Z", "status": true, "name": "Whole"}}, {"model": "products.subcategory", "pk": 3, "fields": {"created": "2025-05-15T06:09:08.731Z", "updated": "2025-05-15T06:09:08.731Z", "status": true, "name": "Fillet"}}, {"model": "products.subcategory", "pk": 4, "fields": {"created": "2025-05-15T06:39:36.823Z", "updated": "2025-05-15T06:39:36.823Z", "status": true, "name": "WHOLE"}}, {"model": "products.subcategory", "pk": 5, "fields": {"created": "2025-05-15T06:55:46.349Z", "updated": "2025-05-15T06:55:46.349Z", "status": true, "name": "NA"}}, {"model": "products.subcategory", "pk": 6, "fields": {"created": "2025-05-15T07:54:14.443Z", "updated": "2025-05-15T07:54:14.443Z", "status": true, "name": "Steak"}}, {"model": "products.subcategory", "pk": 7, "fields": {"created": "2025-05-15T09:06:30.227Z", "updated": "2025-05-15T09:06:30.227Z", "status": true, "name": "Fresh /Whole/fillet"}}, {"model": "products.subcategory", "pk": 8, "fields": {"created": "2025-05-15T09:09:25.658Z", "updated": "2025-05-15T09:09:25.658Z", "status": true, "name": "Frozen/Whole"}}, {"model": "products.subcategory", "pk": 9, "fields": {"created": "2025-05-15T09:14:18.293Z", "updated": "2025-05-15T09:14:18.293Z", "status": true, "name": "FROZEN"}}, {"model": "products.subcategory", "pk": 10, "fields": {"created": "2025-05-15T09:21:17.763Z", "updated": "2025-05-15T09:21:17.763Z", "status": true, "name": "WHOLE/H-L/Fillet/STEAK/FRESH"}}, {"model": "products.subcategory", "pk": 11, "fields": {"created": "2025-05-15T09:25:52.457Z", "updated": "2025-05-15T09:25:52.457Z", "status": true, "name": "FRESH"}}, {"model": "products.subcategory", "pk": 12, "fields": {"created": "2025-05-15T09:34:47.225Z", "updated": "2025-05-15T09:34:47.225Z", "status": true, "name": "FILLET"}}, {"model": "products.subcategory", "pk": 13, "fields": {"created": "2025-05-15T09:39:27.371Z", "updated": "2025-05-15T09:39:27.371Z", "status": true, "name": "CLEANED"}}, {"model": "products.subcategory", "pk": 14, "fields": {"created": "2025-05-15T10:39:16.771Z", "updated": "2025-05-15T10:39:16.771Z", "status": true, "name": "WHOLE /FRESH/FILLET"}}, {"model": "products.subcategory", "pk": 15, "fields": {"created": "2025-05-15T10:41:02.134Z", "updated": "2025-05-15T10:41:02.134Z", "status": true, "name": "WHOLE/HALF SHELL/FROZEN/FRESH"}}, {"model": "products.subcategory", "pk": 16, "fields": {"created": "2025-05-15T10:46:48.468Z", "updated": "2025-05-15T10:46:48.468Z", "status": true, "name": "WHOLE /FRESH/CLEANED"}}, {"model": "products.subcategory", "pk": 17, "fields": {"created": "2025-05-15T11:00:58.125Z", "updated": "2025-05-15T11:00:58.125Z", "status": true, "name": "WHOLE/CLEANED/TENTACLE/FRESH/COOKED/RAW"}}, {"model": "products.subcategory", "pk": 18, "fields": {"created": "2025-05-15T11:05:54.195Z", "updated": "2025-05-15T11:05:54.195Z", "status": true, "name": "CHILLED/FILLET/WHOLE/PREPPED"}}, {"model": "products.subcategory", "pk": 19, "fields": {"created": "2025-05-15T11:07:38.522Z", "updated": "2025-05-15T11:07:38.522Z", "status": true, "name": "FROZEN/WHOLE/CLEANED/FILLET/ TAIL"}}, {"model": "products.subcategory", "pk": 20, "fields": {"created": "2025-05-15T11:10:47.666Z", "updated": "2025-05-15T11:10:47.666Z", "status": true, "name": "LIVE"}}, {"model": "products.subcategory", "pk": 21, "fields": {"created": "2025-05-15T11:17:02.921Z", "updated": "2025-05-15T11:17:02.921Z", "status": true, "name": "FRESH/WHOLE/CLEANED/TUBE/RING"}}, {"model": "products.subcategory", "pk": 22, "fields": {"created": "2025-05-15T12:10:30.661Z", "updated": "2025-05-15T12:10:30.661Z", "status": true, "name": "COOKED"}}, {"model": "products.subcategory", "pk": 24, "fields": {"created": "2025-05-15T12:10:44.847Z", "updated": "2025-05-15T12:10:44.847Z", "status": true, "name": "CHILLED"}}, {"model": "products.subcategory", "pk": 25, "fields": {"created": "2025-05-15T12:11:24.135Z", "updated": "2025-05-15T12:11:24.135Z", "status": true, "name": "BLUE"}}, {"model": "products.subcategory", "pk": 26, "fields": {"created": "2025-05-15T12:11:28.849Z", "updated": "2025-05-15T12:11:28.849Z", "status": true, "name": "GREEN"}}, {"model": "products.subcategory", "pk": 27, "fields": {"created": "2025-05-15T12:11:34.925Z", "updated": "2025-05-15T12:11:34.925Z", "status": true, "name": "BLACK"}}, {"model": "products.subcategory", "pk": 28, "fields": {"created": "2025-05-15T12:17:45.579Z", "updated": "2025-05-15T12:17:45.579Z", "status": true, "name": "WHOLE/TAIL/MEAT/FRESH/LIVE"}}, {"model": "products.productdetails", "pk": 1, "fields": {"created": "2025-05-15T05:51:50.742Z", "updated": "2025-05-15T09:29:17.360Z", "status": true, "product": 1, "category": 1, "sub_categories": 1, "price": null, "product_code": "1", "net_weight": "", "nutrition": "", "ingredients": "", "instructions": "", "storage_instructions": "", "shelf_life": "", "how_to_cook": "", "allergic": "", "grade": "", "origin": "UAE/VIETNAM", "packing": "", "slug": "breaded-fish-fillet-formed"}}, {"model": "products.productdetails", "pk": 2, "fields": {"created": "2025-05-15T06:00:52.226Z", "updated": "2025-05-15T09:29:11.884Z", "status": true, "product": 2, "category": 1, "sub_categories": 4, "price": null, "product_code": "2", "net_weight": "", "nutrition": "", "ingredients": "", "instructions": "", "storage_instructions": "", "shelf_life": "", "how_to_cook": "", "allergic": "", "grade": "", "origin": "CANADA/CHILE", "packing": "", "slug": "cooked-whole-mussels"}}, {"model": "products.productdetails", "pk": 3, "fields": {"created": "2025-05-15T06:08:07.614Z", "updated": "2025-05-15T06:08:07.614Z", "status": true, "product": 3, "category": 2, "sub_categories": 2, "price": null, "product_code": "3", "net_weight": "", "nutrition": "", "ingredients": "", "instructions": "", "storage_instructions": "", "shelf_life": "", "how_to_cook": "", "allergic": "", "grade": "400gm-1500gm", "origin": "Oman, UAE, Tunisia, Turkey, Spain, Greece & Netherland", "packing": "", "slug": "sea-bream"}}, {"model": "products.productdetails", "pk": 4, "fields": {"created": "2025-05-15T06:10:03.706Z", "updated": "2025-05-15T06:10:03.706Z", "status": true, "product": 3, "category": 3, "sub_categories": 3, "price": null, "product_code": "4", "net_weight": "", "nutrition": "", "ingredients": "", "instructions": "", "storage_instructions": "", "shelf_life": "", "how_to_cook": "", "allergic": "", "grade": "", "origin": "", "packing": "", "slug": "sea-bream-2"}}, {"model": "products.productdetails", "pk": 5, "fields": {"created": "2025-05-15T06:42:36.727Z", "updated": "2025-05-15T07:34:54.403Z", "status": true, "product": 4, "category": 3, "sub_categories": 4, "price": null, "product_code": "5", "net_weight": "", "nutrition": "", "ingredients": "", "instructions": "", "storage_instructions": "", "shelf_life": "", "how_to_cook": "", "allergic": "", "grade": "", "origin": "UAE/INDIA/INDONESIA/PAK/TAIWAN", "packing": "", "slug": "black-pomfret"}}, {"model": "products.productdetails", "pk": 6, "fields": {"created": "2025-05-15T06:56:24.739Z", "updated": "2025-05-15T06:56:24.739Z", "status": true, "product": 5, "category": 1, "sub_categories": 5, "price": null, "product_code": "6", "net_weight": "", "nutrition": "", "ingredients": "", "instructions": "", "storage_instructions": "", "shelf_life": "", "how_to_cook": "", "allergic": "", "grade": "", "origin": "Spain", "packing": "", "slug": "cooked-octopus-tentacles"}}, {"model": "products.productdetails", "pk": 7, "fields": {"created": "2025-05-15T07:00:15.986Z", "updated": "2025-05-15T07:00:28.702Z", "status": true, "product": 6, "category": 1, "sub_categories": 5, "price": null, "product_code": "7", "net_weight": "", "nutrition": "", "ingredients": "", "instructions": "", "storage_instructions": "", "shelf_life": "", "how_to_cook": "", "allergic": "", "grade": "", "origin": "China/UAE", "packing": "", "slug": "breaded-squid-ring"}}, {"model": "products.productdetails", "pk": 8, "fields": {"created": "2025-05-15T07:49:38.952Z", "updated": "2025-05-15T07:49:52.312Z", "status": true, "product": 7, "category": 1, "sub_categories": 5, "price": null, "product_code": "8", "net_weight": "", "nutrition": "", "ingredients": "", "instructions": "", "storage_instructions": "", "shelf_life": "", "how_to_cook": "", "allergic": "", "grade": "", "origin": "CHINA/INDIA/JAPAN", "packing": "", "slug": "crab-stick"}}, {"model": "products.productdetails", "pk": 9, "fields": {"created": "2025-05-15T07:53:45.741Z", "updated": "2025-05-15T07:55:44.090Z", "status": true, "product": 8, "category": 3, "sub_categories": 2, "price": null, "product_code": "9", "net_weight": "", "nutrition": "", "ingredients": "", "instructions": "", "storage_instructions": "", "shelf_life": "", "how_to_cook": "", "allergic": "", "grade": "", "origin": "UAE/Taiwan", "packing": "", "slug": "king-fish-steak"}}, {"model": "products.productdetails", "pk": 10, "fields": {"created": "2025-05-15T07:54:33.733Z", "updated": "2025-05-15T07:54:33.733Z", "status": true, "product": 8, "category": 3, "sub_categories": 6, "price": null, "product_code": "10", "net_weight": "", "nutrition": "", "ingredients": "", "instructions": "", "storage_instructions": "", "shelf_life": "", "how_to_cook": "", "allergic": "", "grade": "", "origin": "", "packing": "", "slug": "king-fish-steak-2"}}, {"model": "products.productdetails", "pk": 11, "fields": {"created": "2025-05-15T07:59:13.672Z", "updated": "2025-05-15T07:59:13.672Z", "status": true, "product": 9, "category": 1, "sub_categories": 1, "price": null, "product_code": "12", "net_weight": "", "nutrition": "", "ingredients": "", "instructions": "", "storage_instructions": "", "shelf_life": "", "how_to_cook": "", "allergic": "", "grade": "", "origin": "China", "packing": "", "slug": "seafood-mix"}}, {"model": "products.productdetails", "pk": 12, "fields": {"created": "2025-05-15T08:16:11.543Z", "updated": "2025-05-15T08:16:11.543Z", "status": true, "product": 10, "category": 4, "sub_categories": 4, "price": null, "product_code": "13", "net_weight": "", "nutrition": "", "ingredients": "", "instructions": "", "storage_instructions": "", "shelf_life": "", "how_to_cook": "", "allergic": "", "grade": "", "origin": "Europe", "packing": "", "slug": "razor-clams"}}, {"model": "products.productdetails", "pk": 13, "fields": {"created": "2025-05-15T08:19:37.544Z", "updated": "2025-05-15T08:19:37.544Z", "status": true, "product": 11, "category": 1, "sub_categories": 1, "price": null, "product_code": "14", "net_weight": "", "nutrition": "", "ingredients": "", "instructions": "", "storage_instructions": "", "shelf_life": "", "how_to_cook": "", "allergic": "", "grade": "", "origin": "UAE/VIETNAM", "packing": "", "slug": "breaded-fish-fillet-natural"}}, {"model": "products.productdetails", "pk": 14, "fields": {"created": "2025-05-15T08:36:01.770Z", "updated": "2025-05-15T08:36:01.770Z", "status": true, "product": 12, "category": 1, "sub_categories": 1, "price": null, "product_code": "15", "net_weight": "", "nutrition": "", "ingredients": "", "instructions": "", "storage_instructions": "", "shelf_life": "", "how_to_cook": "", "allergic": "", "grade": "", "origin": "UAE/VIETNAM", "packing": "", "slug": "breaded-torpedo-shrimps"}}, {"model": "products.productdetails", "pk": 15, "fields": {"created": "2025-05-15T08:38:35.161Z", "updated": "2025-05-15T08:38:35.161Z", "status": true, "product": 14, "category": 1, "sub_categories": 1, "price": null, "product_code": "16", "net_weight": "", "nutrition": "", "ingredients": "", "instructions": "", "storage_instructions": "", "shelf_life": "", "how_to_cook": "", "allergic": "", "grade": "", "origin": "UAE/VIETNAM", "packing": "", "slug": "breaded-butterfly-shrimps"}}, {"model": "products.productdetails", "pk": 16, "fields": {"created": "2025-05-15T09:07:05.770Z", "updated": "2025-05-15T09:07:05.770Z", "status": true, "product": 15, "category": 3, "sub_categories": 7, "price": null, "product_code": "17", "net_weight": "", "nutrition": "", "ingredients": "", "instructions": "", "storage_instructions": "", "shelf_life": "", "how_to_cook": "", "allergic": "", "grade": "Natural Assortment", "origin": "UAE", "packing": "", "slug": "emperor-sheri"}}, {"model": "products.productdetails", "pk": 17, "fields": {"created": "2025-05-15T09:11:43.699Z", "updated": "2025-05-15T09:11:43.699Z", "status": true, "product": 16, "category": 3, "sub_categories": 8, "price": null, "product_code": "18", "net_weight": "", "nutrition": "", "ingredients": "", "instructions": "", "storage_instructions": "", "shelf_life": "", "how_to_cook": "", "allergic": "", "grade": "L1 &L2", "origin": "Europe", "packing": "", "slug": "argentinian-red-shrimps"}}, {"model": "products.productdetails", "pk": 18, "fields": {"created": "2025-05-15T09:14:03.185Z", "updated": "2025-05-15T09:14:03.185Z", "status": true, "product": 17, "category": 2, "sub_categories": 4, "price": null, "product_code": "19", "net_weight": "", "nutrition": "", "ingredients": "", "instructions": "", "storage_instructions": "", "shelf_life": "", "how_to_cook": "", "allergic": "", "grade": "", "origin": "India/Pakistan/UAE", "packing": "", "slug": "white-pomfret"}}, {"model": "products.productdetails", "pk": 19, "fields": {"created": "2025-05-15T09:14:41.596Z", "updated": "2025-05-15T09:14:41.596Z", "status": true, "product": 17, "category": 2, "sub_categories": 9, "price": null, "product_code": "20", "net_weight": "", "nutrition": "", "ingredients": "", "instructions": "", "storage_instructions": "", "shelf_life": "", "how_to_cook": "", "allergic": "", "grade": "", "origin": "", "packing": "", "slug": "white-pomfret-2"}}, {"model": "products.productdetails", "pk": 20, "fields": {"created": "2025-05-15T09:23:33.466Z", "updated": "2025-05-15T09:23:33.466Z", "status": true, "product": 18, "category": 3, "sub_categories": 10, "price": null, "product_code": "21", "net_weight": "", "nutrition": "", "ingredients": "", "instructions": "", "storage_instructions": "", "shelf_life": "", "how_to_cook": "", "allergic": "", "grade": "", "origin": "Russia/ Europe", "packing": "", "slug": "atlantic-cod"}}, {"model": "products.productdetails", "pk": 21, "fields": {"created": "2025-05-15T09:25:36.785Z", "updated": "2025-05-15T09:25:36.785Z", "status": true, "product": 19, "category": 3, "sub_categories": 4, "price": null, "product_code": "22", "net_weight": "", "nutrition": "", "ingredients": "", "instructions": "", "storage_instructions": "", "shelf_life": "", "how_to_cook": "", "allergic": "", "grade": "100/200, 200/300, 300/up, 500/up", "origin": "India/UAE", "packing": "", "slug": "sand-lobster"}}, {"model": "products.productdetails", "pk": 22, "fields": {"created": "2025-05-15T09:26:08.512Z", "updated": "2025-05-15T09:26:08.512Z", "status": true, "product": 19, "category": 3, "sub_categories": 11, "price": null, "product_code": "23", "net_weight": "", "nutrition": "", "ingredients": "", "instructions": "", "storage_instructions": "", "shelf_life": "", "how_to_cook": "", "allergic": "", "grade": "", "origin": "", "packing": "", "slug": "sand-lobster-2"}}, {"model": "products.productdetails", "pk": 23, "fields": {"created": "2025-05-15T09:28:43.093Z", "updated": "2025-05-15T09:28:43.093Z", "status": true, "product": 20, "category": 3, "sub_categories": 4, "price": null, "product_code": "24", "net_weight": "", "nutrition": "", "ingredients": "", "instructions": "", "storage_instructions": "", "shelf_life": "", "how_to_cook": "", "allergic": "", "grade": "4-5LB, 5-7LB, 7LB/UP", "origin": "USA/Netherlands", "packing": "", "slug": "black-cod-hl-gutted"}}, {"model": "products.productdetails", "pk": 24, "fields": {"created": "2025-05-15T09:31:24.388Z", "updated": "2025-05-15T09:31:24.388Z", "status": true, "product": 21, "category": 3, "sub_categories": 4, "price": null, "product_code": "25", "net_weight": "", "nutrition": "", "ingredients": "", "instructions": "", "storage_instructions": "", "shelf_life": "", "how_to_cook": "", "allergic": "", "grade": "", "origin": "USA/Norway/Russia", "packing": "", "slug": "king-crab-cluster"}}, {"model": "products.productdetails", "pk": 25, "fields": {"created": "2025-05-15T09:34:28.729Z", "updated": "2025-05-15T09:34:28.729Z", "status": true, "product": 22, "category": 2, "sub_categories": 4, "price": null, "product_code": "26", "net_weight": "", "nutrition": "", "ingredients": "", "instructions": "", "storage_instructions": "", "shelf_life": "", "how_to_cook": "", "allergic": "", "grade": "", "origin": "Australia/Japan", "packing": "", "slug": "yellow-tail-hamachi"}}, {"model": "products.productdetails", "pk": 26, "fields": {"created": "2025-05-15T09:35:12.823Z", "updated": "2025-05-15T09:35:12.823Z", "status": true, "product": 22, "category": 2, "sub_categories": 12, "price": null, "product_code": "27", "net_weight": "", "nutrition": "", "ingredients": "", "instructions": "", "storage_instructions": "", "shelf_life": "", "how_to_cook": "", "allergic": "", "grade": "", "origin": "", "packing": "", "slug": "yellow-tail-hamachi-2"}}, {"model": "products.productdetails", "pk": 27, "fields": {"created": "2025-05-15T09:35:27.200Z", "updated": "2025-05-15T09:35:27.200Z", "status": true, "product": 22, "category": 2, "sub_categories": 9, "price": null, "product_code": "28", "net_weight": "", "nutrition": "", "ingredients": "", "instructions": "", "storage_instructions": "", "shelf_life": "", "how_to_cook": "", "allergic": "", "grade": "", "origin": "", "packing": "", "slug": "yellow-tail-hamachi-3"}}, {"model": "products.productdetails", "pk": 28, "fields": {"created": "2025-05-15T09:37:12.992Z", "updated": "2025-05-15T09:39:06.836Z", "status": true, "product": 23, "category": 2, "sub_categories": 4, "price": null, "product_code": "29", "net_weight": "", "nutrition": "", "ingredients": "", "instructions": "", "storage_instructions": "", "shelf_life": "", "how_to_cook": "", "allergic": "", "grade": "", "origin": "UAE/OMAN", "packing": "", "slug": "hamour-whole"}}, {"model": "products.productdetails", "pk": 29, "fields": {"created": "2025-05-15T09:37:38.187Z", "updated": "2025-05-15T09:37:38.187Z", "status": true, "product": 23, "category": 2, "sub_categories": 9, "price": null, "product_code": "30", "net_weight": "", "nutrition": "", "ingredients": "", "instructions": "", "storage_instructions": "", "shelf_life": "", "how_to_cook": "", "allergic": "", "grade": "", "origin": "", "packing": "", "slug": "hamour-whole-2"}}, {"model": "products.productdetails", "pk": 30, "fields": {"created": "2025-05-15T09:38:26.116Z", "updated": "2025-05-15T09:38:54.122Z", "status": true, "product": 23, "category": 2, "sub_categories": 12, "price": null, "product_code": "31", "net_weight": "", "nutrition": "", "ingredients": "", "instructions": "", "storage_instructions": "", "shelf_life": "", "how_to_cook": "", "allergic": "", "grade": "", "origin": "", "packing": "", "slug": "hamour-whole-3"}}, {"model": "products.productdetails", "pk": 31, "fields": {"created": "2025-05-15T09:39:41.975Z", "updated": "2025-05-15T09:39:41.975Z", "status": true, "product": 23, "category": 2, "sub_categories": 13, "price": null, "product_code": "32", "net_weight": "", "nutrition": "", "ingredients": "", "instructions": "", "storage_instructions": "", "shelf_life": "", "how_to_cook": "", "allergic": "", "grade": "", "origin": "", "packing": "", "slug": "hamour-whole-4"}}, {"model": "products.productdetails", "pk": 32, "fields": {"created": "2025-05-15T10:13:09.333Z", "updated": "2025-05-15T10:13:09.333Z", "status": true, "product": 24, "category": 2, "sub_categories": 4, "price": null, "product_code": "33", "net_weight": "", "nutrition": "", "ingredients": "", "instructions": "", "storage_instructions": "", "shelf_life": "", "how_to_cook": "", "allergic": "", "grade": "", "origin": "", "packing": "", "slug": "king-fish"}}, {"model": "products.productdetails", "pk": 33, "fields": {"created": "2025-05-15T10:15:12.715Z", "updated": "2025-05-15T10:15:12.715Z", "status": true, "product": 25, "category": 3, "sub_categories": 2, "price": null, "product_code": "34", "net_weight": "", "nutrition": "", "ingredients": "", "instructions": "", "storage_instructions": "", "shelf_life": "", "how_to_cook": "", "allergic": "", "grade": "", "origin": "UAE/INDIA/INDONESIA/PAK/TAIWAN", "packing": "", "slug": "king-fish-whole"}}, {"model": "products.productdetails", "pk": 34, "fields": {"created": "2025-05-15T10:15:34.514Z", "updated": "2025-05-15T10:15:34.517Z", "status": true, "product": 25, "category": 3, "sub_categories": 3, "price": null, "product_code": "35", "net_weight": "", "nutrition": "", "ingredients": "", "instructions": "", "storage_instructions": "", "shelf_life": "", "how_to_cook": "", "allergic": "", "grade": "", "origin": "", "packing": "", "slug": "king-fish-whole-2"}}, {"model": "products.productdetails", "pk": 35, "fields": {"created": "2025-05-15T10:17:11.558Z", "updated": "2025-05-15T10:17:11.558Z", "status": true, "product": 26, "category": 2, "sub_categories": 4, "price": null, "product_code": "36", "net_weight": "", "nutrition": "", "ingredients": "", "instructions": "", "storage_instructions": "", "shelf_life": "", "how_to_cook": "", "allergic": "", "grade": "", "origin": "UAE,IND,OMAN,LANKA,INDONASIA", "packing": "", "slug": "red-snapper-whole"}}, {"model": "products.productdetails", "pk": 36, "fields": {"created": "2025-05-15T10:17:25.872Z", "updated": "2025-05-15T10:17:25.872Z", "status": true, "product": 26, "category": 2, "sub_categories": 9, "price": null, "product_code": "37", "net_weight": "", "nutrition": "", "ingredients": "", "instructions": "", "storage_instructions": "", "shelf_life": "", "how_to_cook": "", "allergic": "", "grade": "", "origin": "", "packing": "", "slug": "red-snapper-whole-2"}}, {"model": "products.productdetails", "pk": 37, "fields": {"created": "2025-05-15T10:17:47.122Z", "updated": "2025-05-15T10:17:47.122Z", "status": true, "product": 26, "category": 2, "sub_categories": 12, "price": null, "product_code": "38", "net_weight": "", "nutrition": "", "ingredients": "", "instructions": "", "storage_instructions": "", "shelf_life": "", "how_to_cook": "", "allergic": "", "grade": "", "origin": "", "packing": "", "slug": "red-snapper-whole-3"}}, {"model": "products.productdetails", "pk": 38, "fields": {"created": "2025-05-15T10:18:00.626Z", "updated": "2025-05-15T10:18:00.626Z", "status": true, "product": 26, "category": 2, "sub_categories": 13, "price": null, "product_code": "39", "net_weight": "", "nutrition": "", "ingredients": "", "instructions": "", "storage_instructions": "", "shelf_life": "", "how_to_cook": "", "allergic": "", "grade": "", "origin": "", "packing": "", "slug": "red-snapper-whole-4"}}, {"model": "products.productdetails", "pk": 39, "fields": {"created": "2025-05-15T10:19:39.000Z", "updated": "2025-05-15T10:19:39.000Z", "status": true, "product": 27, "category": 2, "sub_categories": 4, "price": null, "product_code": "40", "net_weight": "", "nutrition": "", "ingredients": "", "instructions": "", "storage_instructions": "", "shelf_life": "", "how_to_cook": "", "allergic": "", "grade": "", "origin": "Vietnam/India/UAE", "packing": "", "slug": "shrimps-h-on-black-tiger"}}, {"model": "products.productdetails", "pk": 40, "fields": {"created": "2025-05-15T10:19:56.258Z", "updated": "2025-05-15T10:19:56.258Z", "status": true, "product": 27, "category": 2, "sub_categories": 9, "price": null, "product_code": "41", "net_weight": "", "nutrition": "", "ingredients": "", "instructions": "", "storage_instructions": "", "shelf_life": "", "how_to_cook": "", "allergic": "", "grade": "", "origin": "", "packing": "", "slug": "shrimps-h-on-black-tiger-2"}}, {"model": "products.productdetails", "pk": 41, "fields": {"created": "2025-05-15T10:21:14.148Z", "updated": "2025-05-15T10:21:14.148Z", "status": true, "product": 28, "category": 3, "sub_categories": 1, "price": null, "product_code": "42", "net_weight": "", "nutrition": "", "ingredients": "", "instructions": "", "storage_instructions": "", "shelf_life": "", "how_to_cook": "", "allergic": "", "grade": "", "origin": "VIETNAM/INDIA/UAE", "packing": "", "slug": "shrimps-pd-vannamai"}}, {"model": "products.productdetails", "pk": 42, "fields": {"created": "2025-05-15T10:32:19.158Z", "updated": "2025-05-15T10:32:19.158Z", "status": true, "product": 29, "category": 3, "sub_categories": 4, "price": null, "product_code": "43", "net_weight": "", "nutrition": "", "ingredients": "", "instructions": "", "storage_instructions": "", "shelf_life": "", "how_to_cook": "", "allergic": "", "grade": "", "origin": "CHI/ TWN", "packing": "", "slug": "tilapia-fillet"}}, {"model": "products.productdetails", "pk": 43, "fields": {"created": "2025-05-15T10:32:44.025Z", "updated": "2025-05-15T10:32:44.025Z", "status": true, "product": 29, "category": 3, "sub_categories": 12, "price": null, "product_code": "44", "net_weight": "", "nutrition": "", "ingredients": "", "instructions": "", "storage_instructions": "", "shelf_life": "", "how_to_cook": "", "allergic": "", "grade": "", "origin": "", "packing": "", "slug": "tilapia-fillet-2"}}, {"model": "products.productdetails", "pk": 44, "fields": {"created": "2025-05-15T10:36:47.456Z", "updated": "2025-05-15T10:36:47.456Z", "status": true, "product": 30, "category": 1, "sub_categories": 1, "price": null, "product_code": "45", "net_weight": "", "nutrition": "", "ingredients": "", "instructions": "", "storage_instructions": "", "shelf_life": "", "how_to_cook": "", "allergic": "", "grade": "", "origin": "Japan / China", "packing": "", "slug": "tobiko-fying-fish-roe"}}, {"model": "products.productdetails", "pk": 45, "fields": {"created": "2025-05-15T10:39:40.961Z", "updated": "2025-05-15T10:39:40.961Z", "status": true, "product": 31, "category": 3, "sub_categories": 14, "price": null, "product_code": "", "net_weight": "", "nutrition": "", "ingredients": "", "instructions": "", "storage_instructions": "", "shelf_life": "", "how_to_cook": "", "allergic": "", "grade": "", "origin": "Europe/UAE", "packing": "", "slug": "halibut"}}, {"model": "products.productdetails", "pk": 46, "fields": {"created": "2025-05-15T10:41:27.088Z", "updated": "2025-05-15T10:41:27.088Z", "status": true, "product": 32, "category": 4, "sub_categories": 15, "price": null, "product_code": "46", "net_weight": "", "nutrition": "", "ingredients": "", "instructions": "", "storage_instructions": "", "shelf_life": "", "how_to_cook": "", "allergic": "", "grade": "", "origin": "Ireland / Dibba / France/ holland/Japan", "packing": "", "slug": "oysters"}}, {"model": "products.productdetails", "pk": 47, "fields": {"created": "2025-05-15T10:42:53.700Z", "updated": "2025-05-15T10:42:53.700Z", "status": true, "product": 33, "category": 3, "sub_categories": 1, "price": null, "product_code": "47", "net_weight": "", "nutrition": "", "ingredients": "", "instructions": "", "storage_instructions": "", "shelf_life": "", "how_to_cook": "", "allergic": "", "grade": "", "origin": "China , UAE", "packing": "", "slug": "squid-ring"}}, {"model": "products.productdetails", "pk": 48, "fields": {"created": "2025-05-15T10:44:11.134Z", "updated": "2025-05-15T10:44:11.134Z", "status": true, "product": 34, "category": 3, "sub_categories": 4, "price": null, "product_code": "48", "net_weight": "", "nutrition": "", "ingredients": "", "instructions": "", "storage_instructions": "", "shelf_life": "", "how_to_cook": "", "allergic": "", "grade": "", "origin": "UAE,KSA,VIETNAM,IRAN,THAILAND", "packing": "", "slug": "barramundi"}}, {"model": "products.productdetails", "pk": 49, "fields": {"created": "2025-05-15T10:44:30.014Z", "updated": "2025-05-15T10:44:30.014Z", "status": true, "product": 34, "category": 3, "sub_categories": 12, "price": null, "product_code": "49", "net_weight": "", "nutrition": "", "ingredients": "", "instructions": "", "storage_instructions": "", "shelf_life": "", "how_to_cook": "", "allergic": "", "grade": "", "origin": "", "packing": "", "slug": "barramundi-2"}}, {"model": "products.productdetails", "pk": 50, "fields": {"created": "2025-05-15T10:44:45.663Z", "updated": "2025-05-15T10:44:45.663Z", "status": true, "product": 34, "category": 3, "sub_categories": 11, "price": null, "product_code": "50", "net_weight": "", "nutrition": "", "ingredients": "", "instructions": "", "storage_instructions": "", "shelf_life": "", "how_to_cook": "", "allergic": "", "grade": "", "origin": "", "packing": "", "slug": "barramundi-3"}}, {"model": "products.productdetails", "pk": 51, "fields": {"created": "2025-05-15T10:44:58.467Z", "updated": "2025-05-15T10:44:58.467Z", "status": true, "product": 34, "category": 3, "sub_categories": 9, "price": null, "product_code": "51", "net_weight": "", "nutrition": "", "ingredients": "", "instructions": "", "storage_instructions": "", "shelf_life": "", "how_to_cook": "", "allergic": "", "grade": "", "origin": "", "packing": "", "slug": "barramundi-4"}}, {"model": "products.productdetails", "pk": 52, "fields": {"created": "2025-05-15T10:47:16.135Z", "updated": "2025-05-15T10:47:16.135Z", "status": true, "product": 35, "category": 3, "sub_categories": 16, "price": null, "product_code": "52", "net_weight": "", "nutrition": "", "ingredients": "", "instructions": "", "storage_instructions": "", "shelf_life": "", "how_to_cook": "", "allergic": "", "grade": "", "origin": "UAE,IRAN,YEMEN,OMAN", "packing": "", "slug": "blue-crab"}}, {"model": "products.productdetails", "pk": 53, "fields": {"created": "2025-05-15T11:02:17.982Z", "updated": "2025-05-15T11:02:17.982Z", "status": true, "product": 36, "category": 3, "sub_categories": 17, "price": null, "product_code": "53", "net_weight": "", "nutrition": "", "ingredients": "", "instructions": "", "storage_instructions": "", "shelf_life": "", "how_to_cook": "", "allergic": "", "grade": "", "origin": "SPAIN,INDIA,INDONESIA,UAE,", "packing": "", "slug": "octopus"}}, {"model": "products.productdetails", "pk": 54, "fields": {"created": "2025-05-15T11:04:34.339Z", "updated": "2025-05-15T11:04:34.339Z", "status": true, "product": 37, "category": 3, "sub_categories": 12, "price": null, "product_code": "54", "net_weight": "", "nutrition": "", "ingredients": "", "instructions": "", "storage_instructions": "", "shelf_life": "", "how_to_cook": "", "allergic": "", "grade": "", "origin": "China , Japan", "packing": "", "slug": "smoked-eel-fish-fillet"}}, {"model": "products.productdetails", "pk": 55, "fields": {"created": "2025-05-15T11:06:27.630Z", "updated": "2025-05-15T11:06:27.630Z", "status": true, "product": 38, "category": 3, "sub_categories": 18, "price": null, "product_code": "55", "net_weight": "", "nutrition": "", "ingredients": "", "instructions": "", "storage_instructions": "", "shelf_life": "", "how_to_cook": "", "allergic": "", "grade": "", "origin": "Egypt, UAE, Europe", "packing": "", "slug": "smoked-mackeral"}}, {"model": "products.productdetails", "pk": 56, "fields": {"created": "2025-05-15T11:08:34.246Z", "updated": "2025-05-15T11:08:51.139Z", "status": true, "product": 39, "category": 2, "sub_categories": 19, "price": null, "product_code": "56", "net_weight": "", "nutrition": "", "ingredients": "", "instructions": "", "storage_instructions": "", "shelf_life": "", "how_to_cook": "", "allergic": "", "grade": "", "origin": "Netherlands", "packing": "", "slug": "monk-fish"}}, {"model": "products.productdetails", "pk": 57, "fields": {"created": "2025-05-15T11:10:31.696Z", "updated": "2025-05-15T11:10:31.696Z", "status": true, "product": 40, "category": 2, "sub_categories": 4, "price": null, "product_code": "57", "net_weight": "", "nutrition": "", "ingredients": "", "instructions": "", "storage_instructions": "", "shelf_life": "", "how_to_cook": "", "allergic": "", "grade": "", "origin": "EUROPE", "packing": "", "slug": "langoustines"}}, {"model": "products.productdetails", "pk": 58, "fields": {"created": "2025-05-15T11:11:16.763Z", "updated": "2025-05-15T11:11:16.763Z", "status": true, "product": 40, "category": 2, "sub_categories": 9, "price": null, "product_code": "58", "net_weight": "", "nutrition": "", "ingredients": "", "instructions": "", "storage_instructions": "", "shelf_life": "", "how_to_cook": "", "allergic": "", "grade": "", "origin": "", "packing": "", "slug": "langoustines-2"}}, {"model": "products.productdetails", "pk": 59, "fields": {"created": "2025-05-15T11:11:32.110Z", "updated": "2025-05-15T11:11:32.110Z", "status": true, "product": 40, "category": 2, "sub_categories": 20, "price": null, "product_code": "59", "net_weight": "", "nutrition": "", "ingredients": "", "instructions": "", "storage_instructions": "", "shelf_life": "", "how_to_cook": "", "allergic": "", "grade": "", "origin": "", "packing": "", "slug": "langoustines-3"}}, {"model": "products.productdetails", "pk": 60, "fields": {"created": "2025-05-15T11:14:14.193Z", "updated": "2025-05-15T11:14:14.193Z", "status": true, "product": 41, "category": 2, "sub_categories": 4, "price": null, "product_code": "60", "net_weight": "", "nutrition": "", "ingredients": "", "instructions": "", "storage_instructions": "", "shelf_life": "", "how_to_cook": "", "allergic": "", "grade": "", "origin": "EUROPE", "packing": "", "slug": "turbot-wild-farmed"}}, {"model": "products.productdetails", "pk": 61, "fields": {"created": "2025-05-15T11:14:46.592Z", "updated": "2025-05-15T11:14:46.592Z", "status": true, "product": 41, "category": 2, "sub_categories": 9, "price": null, "product_code": "61", "net_weight": "", "nutrition": "", "ingredients": "", "instructions": "", "storage_instructions": "", "shelf_life": "", "how_to_cook": "", "allergic": "", "grade": "", "origin": "", "packing": "", "slug": "turbot-wild-farmed-2"}}, {"model": "products.productdetails", "pk": 62, "fields": {"created": "2025-05-15T11:15:00.300Z", "updated": "2025-05-15T11:15:00.300Z", "status": true, "product": 41, "category": 2, "sub_categories": 12, "price": null, "product_code": "62", "net_weight": "", "nutrition": "", "ingredients": "", "instructions": "", "storage_instructions": "", "shelf_life": "", "how_to_cook": "", "allergic": "", "grade": "", "origin": "", "packing": "", "slug": "turbot-wild-farmed-3"}}, {"model": "products.productdetails", "pk": 63, "fields": {"created": "2025-05-15T11:15:12.332Z", "updated": "2025-05-15T11:15:12.332Z", "status": true, "product": 41, "category": 2, "sub_categories": 13, "price": null, "product_code": "63", "net_weight": "", "nutrition": "", "ingredients": "", "instructions": "", "storage_instructions": "", "shelf_life": "", "how_to_cook": "", "allergic": "", "grade": "", "origin": "", "packing": "", "slug": "turbot-wild-farmed-4"}}, {"model": "products.productdetails", "pk": 64, "fields": {"created": "2025-05-15T11:17:28.154Z", "updated": "2025-05-15T11:17:28.154Z", "status": true, "product": 42, "category": 3, "sub_categories": 21, "price": null, "product_code": "64", "net_weight": "", "nutrition": "", "ingredients": "", "instructions": "", "storage_instructions": "", "shelf_life": "", "how_to_cook": "", "allergic": "", "grade": "", "origin": "UAE/INDIA/PAK/JAPAN/CHINA/EUROPE", "packing": "", "slug": "squid"}}, {"model": "products.productdetails", "pk": 65, "fields": {"created": "2025-05-15T11:18:50.754Z", "updated": "2025-05-15T11:18:50.754Z", "status": true, "product": 43, "category": 2, "sub_categories": 4, "price": null, "product_code": "65", "net_weight": "", "nutrition": "", "ingredients": "", "instructions": "", "storage_instructions": "", "shelf_life": "", "how_to_cook": "", "allergic": "", "grade": "", "origin": "Netherlands", "packing": "", "slug": "flounder-whole"}}, {"model": "products.productdetails", "pk": 66, "fields": {"created": "2025-05-15T11:19:17.974Z", "updated": "2025-05-15T11:19:17.974Z", "status": true, "product": 43, "category": 2, "sub_categories": 11, "price": null, "product_code": "66", "net_weight": "", "nutrition": "", "ingredients": "", "instructions": "", "storage_instructions": "", "shelf_life": "", "how_to_cook": "", "allergic": "", "grade": "", "origin": "", "packing": "", "slug": "flounder-whole-2"}}, {"model": "products.productdetails", "pk": 67, "fields": {"created": "2025-05-15T11:20:38.155Z", "updated": "2025-05-15T11:20:38.155Z", "status": true, "product": 44, "category": 4, "sub_categories": 4, "price": null, "product_code": "67", "net_weight": "", "nutrition": "", "ingredients": "", "instructions": "", "storage_instructions": "", "shelf_life": "", "how_to_cook": "", "allergic": "", "grade": "", "origin": "Europe", "packing": "", "slug": "vongole-clams"}}, {"model": "products.productdetails", "pk": 68, "fields": {"created": "2025-05-15T11:21:48.082Z", "updated": "2025-05-15T11:21:48.082Z", "status": true, "product": 45, "category": 4, "sub_categories": 4, "price": null, "product_code": "68", "net_weight": "", "nutrition": "", "ingredients": "", "instructions": "", "storage_instructions": "", "shelf_life": "", "how_to_cook": "", "allergic": "", "grade": "", "origin": "Europe", "packing": "", "slug": "carpet-shell-clams"}}, {"model": "products.productdetails", "pk": 69, "fields": {"created": "2025-05-15T11:23:09.483Z", "updated": "2025-05-15T11:23:09.483Z", "status": true, "product": 46, "category": 4, "sub_categories": 4, "price": null, "product_code": "69", "net_weight": "", "nutrition": "", "ingredients": "", "instructions": "", "storage_instructions": "", "shelf_life": "", "how_to_cook": "", "allergic": "", "grade": "400-600+gm", "origin": "UK , Netherlands", "packing": "", "slug": "brown-crab"}}, {"model": "products.productdetails", "pk": 70, "fields": {"created": "2025-05-15T11:23:36.449Z", "updated": "2025-05-15T11:23:36.449Z", "status": true, "product": 46, "category": 4, "sub_categories": 11, "price": null, "product_code": "70", "net_weight": "", "nutrition": "", "ingredients": "", "instructions": "", "storage_instructions": "", "shelf_life": "", "how_to_cook": "", "allergic": "", "grade": "", "origin": "", "packing": "", "slug": "brown-crab-2"}}, {"model": "products.productdetails", "pk": 71, "fields": {"created": "2025-05-15T11:25:01.343Z", "updated": "2025-05-15T11:25:01.343Z", "status": true, "product": 47, "category": 4, "sub_categories": 4, "price": null, "product_code": "71", "net_weight": "", "nutrition": "", "ingredients": "", "instructions": "", "storage_instructions": "", "shelf_life": "", "how_to_cook": "", "allergic": "", "grade": "", "origin": "EUROPE,USA", "packing": "", "slug": "blue-lobster"}}, {"model": "products.productdetails", "pk": 72, "fields": {"created": "2025-05-15T11:25:21.218Z", "updated": "2025-05-15T11:25:21.218Z", "status": true, "product": 47, "category": 4, "sub_categories": 11, "price": null, "product_code": "72", "net_weight": "", "nutrition": "", "ingredients": "", "instructions": "", "storage_instructions": "", "shelf_life": "", "how_to_cook": "", "allergic": "", "grade": "", "origin": "", "packing": "", "slug": "blue-lobster-2"}}, {"model": "products.productdetails", "pk": 73, "fields": {"created": "2025-05-15T11:32:07.116Z", "updated": "2025-05-15T11:32:07.116Z", "status": true, "product": 48, "category": 4, "sub_categories": 4, "price": null, "product_code": "73", "net_weight": "", "nutrition": "", "ingredients": "", "instructions": "", "storage_instructions": "", "shelf_life": "", "how_to_cook": "", "allergic": "", "grade": "", "origin": "AFRICA, INDIA,SRI LANKA", "packing": "", "slug": "mud-crab"}}, {"model": "products.productdetails", "pk": 74, "fields": {"created": "2025-05-15T11:32:33.489Z", "updated": "2025-05-15T11:32:33.489Z", "status": true, "product": 48, "category": 4, "sub_categories": 9, "price": null, "product_code": "74", "net_weight": "", "nutrition": "", "ingredients": "", "instructions": "", "storage_instructions": "", "shelf_life": "", "how_to_cook": "", "allergic": "", "grade": "", "origin": "", "packing": "", "slug": "mud-crab-2"}}, {"model": "products.productdetails", "pk": 75, "fields": {"created": "2025-05-15T12:10:06.002Z", "updated": "2025-05-15T12:10:06.002Z", "status": true, "product": 49, "category": 4, "sub_categories": 4, "price": null, "product_code": "75", "net_weight": "", "nutrition": "", "ingredients": "", "instructions": "", "storage_instructions": "", "shelf_life": "", "how_to_cook": "", "allergic": "", "grade": "", "origin": "EUROPE,NEWZELAND,AUSTRALIA", "packing": "", "slug": "mussels"}}, {"model": "products.productdetails", "pk": 76, "fields": {"created": "2025-05-15T12:10:19.380Z", "updated": "2025-05-15T12:10:19.380Z", "status": true, "product": 49, "category": 4, "sub_categories": 9, "price": null, "product_code": "76", "net_weight": "", "nutrition": "", "ingredients": "", "instructions": "", "storage_instructions": "", "shelf_life": "", "how_to_cook": "", "allergic": "", "grade": "", "origin": "", "packing": "", "slug": "mussels-2"}}, {"model": "products.productdetails", "pk": 77, "fields": {"created": "2025-05-15T12:12:48.077Z", "updated": "2025-05-15T12:12:48.077Z", "status": true, "product": 49, "category": 4, "sub_categories": 22, "price": null, "product_code": "77", "net_weight": "", "nutrition": "", "ingredients": "", "instructions": "", "storage_instructions": "", "shelf_life": "", "how_to_cook": "", "allergic": "", "grade": "", "origin": "", "packing": "", "slug": "mussels-3"}}, {"model": "products.productdetails", "pk": 78, "fields": {"created": "2025-05-15T12:13:04.960Z", "updated": "2025-05-15T12:13:04.960Z", "status": true, "product": 49, "category": 4, "sub_categories": 11, "price": null, "product_code": "78", "net_weight": "", "nutrition": "", "ingredients": "", "instructions": "", "storage_instructions": "", "shelf_life": "", "how_to_cook": "", "allergic": "", "grade": "", "origin": "", "packing": "", "slug": "mussels-4"}}, {"model": "products.productdetails", "pk": 79, "fields": {"created": "2025-05-15T12:14:01.165Z", "updated": "2025-05-15T12:14:01.165Z", "status": true, "product": 49, "category": 4, "sub_categories": 24, "price": null, "product_code": "79", "net_weight": "", "nutrition": "", "ingredients": "", "instructions": "", "storage_instructions": "", "shelf_life": "", "how_to_cook": "", "allergic": "", "grade": "", "origin": "", "packing": "", "slug": "mussels-5"}}, {"model": "products.productdetails", "pk": 80, "fields": {"created": "2025-05-15T12:14:31.914Z", "updated": "2025-05-15T12:14:31.914Z", "status": true, "product": 49, "category": 4, "sub_categories": 25, "price": null, "product_code": "80", "net_weight": "", "nutrition": "", "ingredients": "", "instructions": "", "storage_instructions": "", "shelf_life": "", "how_to_cook": "", "allergic": "", "grade": "", "origin": "", "packing": "", "slug": "mussels-6"}}, {"model": "products.productdetails", "pk": 81, "fields": {"created": "2025-05-15T12:15:01.054Z", "updated": "2025-05-15T12:15:01.054Z", "status": true, "product": 49, "category": 4, "sub_categories": 26, "price": null, "product_code": "81", "net_weight": "", "nutrition": "", "ingredients": "", "instructions": "", "storage_instructions": "", "shelf_life": "", "how_to_cook": "", "allergic": "", "grade": "", "origin": "", "packing": "", "slug": "mussels-7"}}, {"model": "products.productdetails", "pk": 82, "fields": {"created": "2025-05-15T12:15:24.282Z", "updated": "2025-05-15T12:15:24.282Z", "status": true, "product": 49, "category": 4, "sub_categories": 27, "price": null, "product_code": "82", "net_weight": "", "nutrition": "", "ingredients": "", "instructions": "", "storage_instructions": "", "shelf_life": "", "how_to_cook": "", "allergic": "", "grade": "", "origin": "", "packing": "", "slug": "mussels-8"}}, {"model": "products.productdetails", "pk": 83, "fields": {"created": "2025-05-15T12:18:27.180Z", "updated": "2025-05-15T12:18:27.180Z", "status": true, "product": 50, "category": 3, "sub_categories": 28, "price": null, "product_code": "83", "net_weight": "", "nutrition": "", "ingredients": "", "instructions": "", "storage_instructions": "", "shelf_life": "", "how_to_cook": "", "allergic": "", "grade": "", "origin": "USA/CANADA", "packing": "", "slug": "canadian-lobster"}}, {"model": "career.vacancydetails", "pk": 1, "fields": {"created": "2025-05-15T13:41:37.740Z", "updated": "2025-05-15T14:15:48.452Z", "status": true, "category": null, "title": "Comis Chef", "location": "Ajman", "description": "<p>Experience into Sushi Rolling No. of requirements: 02</p>", "hiring_status": "Urgent requirement", "type": "", "salary": "2000 AED"}}, {"model": "career.vacancydetails", "pk": 2, "fields": {"created": "2025-05-15T13:47:16.254Z", "updated": "2025-05-15T14:17:47.947Z", "status": true, "category": null, "title": "Procurement Executive", "location": "Sharjah", "description": "<p><span style=\"color: rgb(26, 26, 26); font-family: Inter; font-size: 15px;\">No. of requirements: 01</span></p>", "hiring_status": "Executive", "type": "", "salary": "6000 AED to 7000 AED"}}, {"model": "career.vacancydetails", "pk": 3, "fields": {"created": "2025-05-15T13:50:16.475Z", "updated": "2025-05-15T14:16:59.091Z", "status": true, "category": null, "title": "Sales Coordinator (female candidates preferred)", "location": "Dubai", "description": "<p><a class=\"read-more-cnt\" id=\"readmore-btn3\" style=\"box-sizing: border-box; color: rgb(13, 81, 137); text-decoration: underline; cursor: pointer !important; font-family: Inter; font-size: 15px; font-style: normal; font-variant-ligatures: normal; font-variant-caps: normal; font-weight: 400; letter-spacing: normal; orphans: 2; text-align: start; text-indent: 0px; text-transform: none; widows: 2; word-spacing: 0px; -webkit-text-stroke-width: 0px; white-space: normal; background-color: rgb(255, 255, 255);\"></a></p><div class=\"description line_2\" id=\"desc3\" style=\"box-sizing: border-box; overflow: hidden; display: -webkit-box; -webkit-line-clamp: 2; -webkit-box-orient: vertical; color: rgb(26, 26, 26); font-family: Inter; font-size: 15px; font-style: normal; font-variant-ligatures: normal; font-variant-caps: normal; font-weight: 400; letter-spacing: normal; orphans: 2; text-align: start; text-indent: 0px; text-transform: none; widows: 2; word-spacing: 0px; -webkit-text-stroke-width: 0px; white-space: normal; background-color: rgb(255, 255, 255); text-decoration-thickness: initial; text-decoration-style: initial; text-decoration-color: initial;\">Experience in any food industry No. of requirements: 01</div>", "hiring_status": "Urgent requirement", "type": "", "salary": "3500 AED to 5000 AED"}}, {"model": "career.vacancydetails", "pk": 4, "fields": {"created": "2025-05-15T13:52:27.705Z", "updated": "2025-05-15T14:17:08.167Z", "status": true, "category": null, "title": "Business Development Executive", "location": "Sharjah", "description": "<p><a class=\"read-more-cnt\" id=\"readmore-btn4\" style=\"box-sizing: border-box; color: rgb(13, 81, 137); text-decoration: underline; cursor: pointer !important; font-family: Inter; font-size: 15px; font-style: normal; font-variant-ligatures: normal; font-variant-caps: normal; font-weight: 400; letter-spacing: normal; orphans: 2; text-align: start; text-indent: 0px; text-transform: none; widows: 2; word-spacing: 0px; -webkit-text-stroke-width: 0px; white-space: normal; background-color: rgb(255, 255, 255);\"></a></p><div class=\"description line_2\" id=\"desc4\" style=\"box-sizing: border-box; overflow: hidden; display: -webkit-box; -webkit-line-clamp: 2; -webkit-box-orient: vertical; color: rgb(26, 26, 26); font-family: Inter; font-size: 15px; font-style: normal; font-variant-ligatures: normal; font-variant-caps: normal; font-weight: 400; letter-spacing: normal; orphans: 2; text-align: start; text-indent: 0px; text-transform: none; widows: 2; word-spacing: 0px; -webkit-text-stroke-width: 0px; white-space: normal; background-color: rgb(255, 255, 255); text-decoration-thickness: initial; text-decoration-style: initial; text-decoration-color: initial;\">Experience in HORECA field No. of requirements: 01</div>", "hiring_status": "Urgent requirement", "type": "", "salary": "6000 AED to 7000 AED"}}, {"model": "career.vacancydetails", "pk": 5, "fields": {"created": "2025-05-15T13:53:43.706Z", "updated": "2025-05-15T14:16:40.307Z", "status": true, "category": null, "title": "Project Coordinator", "location": "Sharjah", "description": "<p><a class=\"read-more-cnt\" id=\"readmore-btn5\" style=\"box-sizing: border-box; color: rgb(13, 81, 137); text-decoration: underline; cursor: pointer !important; font-family: Inter; font-size: 15px; font-style: normal; font-variant-ligatures: normal; font-variant-caps: normal; font-weight: 400; letter-spacing: normal; orphans: 2; text-align: start; text-indent: 0px; text-transform: none; widows: 2; word-spacing: 0px; -webkit-text-stroke-width: 0px; white-space: normal; background-color: rgb(255, 255, 255);\"></a></p><div class=\"description line_2\" id=\"desc5\" style=\"box-sizing: border-box; overflow: hidden; display: -webkit-box; -webkit-line-clamp: 2; -webkit-box-orient: vertical; color: rgb(26, 26, 26); font-family: Inter; font-size: 15px; font-style: normal; font-variant-ligatures: normal; font-variant-caps: normal; font-weight: 400; letter-spacing: normal; orphans: 2; text-align: start; text-indent: 0px; text-transform: none; widows: 2; word-spacing: 0px; -webkit-text-stroke-width: 0px; white-space: normal; background-color: rgb(255, 255, 255); text-decoration-thickness: initial; text-decoration-style: initial; text-decoration-color: initial;\">Education: BTEC in Civil Engineering 1 / 2 years exp in managing construction projects (Freshers in UAE also preferred)</div>", "hiring_status": "Urgent requirement", "type": "", "salary": "3000AED to 3500AED"}}]